pref_code,city_code,pref_name,city_name,target_area,surveyed_area,progress_rate,status,fiscal_year
01,,北海道,札幌市,,,3.0,実施中,2024
01,,北海道,函館市,,,19.0,実施中,2024
01,,北海道,小樽市,,,0.0,未着手,2024
01,,北海道,旭川市,,,18.0,実施中,2024
01,,北海道,室蘭市,,,42.0,実施中,2024
01,,北海道,釧路市,,,33.0,実施中,2024
01,,北海道,帯広市,,,1.0,実施中,2024
01,,北海道,北見市,,,58.0,実施中,2024
01,,北海道,夕張市,,,52.0,実施中,2024
01,,北海道,岩見沢市,,,84.0,実施中,2024
01,,北海道,網走市,,,82.0,実施中,2024
01,,北海道,留萌市,,,19.0,実施中,2024
01,,北海道,苫小牧市,,,2.0,実施中,2024
01,,北海道,稚内市,,,53.0,実施中,2024
01,,北海道,美唄市,,,49.0,実施中,2024
01,,北海道,芦別市,,,99.0,実施中,2024
01,,北海道,江別市,,,92.0,実施中,2024
01,,北海道,赤平市,,,44.0,実施中,2024
01,,北海道,紋別市,,,81.0,実施中,2024
01,,北海道,士別市,,,83.0,実施中,2024
01,,北海道,名寄市,,,50.0,実施中,2024
01,,北海道,三笠市,,,42.0,実施中,2024
01,,北海道,根室市,,,90.0,実施中,2024
01,,北海道,千歳市,,,61.0,実施中,2024
01,,北海道,滝川市,,,45.0,実施中,2024
01,,北海道,砂川市,,,0.0,未着手,2024
01,,北海道,歌志内市,,,14.0,実施中,2024
01,,北海道,深川市,,,85.0,実施中,2024
01,,北海道,富良野市,,,7.0,実施中,2024
01,,北海道,登別市,,,35.0,実施中,2024
01,,北海道,恵庭市,,,60.0,実施中,2024
01,,北海道,伊達市,,,85.0,実施中,2024
01,,北海道,北広島市,,,87.0,実施中,2024
01,,北海道,石狩市,,,89.0,実施中,2024
01,,北海道,北斗市,,,81.0,実施中,2024
01,,北海道,当別町,,,50.0,実施中,2024
01,,北海道,新篠津村,,,87.0,実施中,2024
01,,北海道,松前町,,,0.0,未着手,2024
01,,北海道,福島町,,,0.0,未着手,2024
01,,北海道,知内町,,,34.0,実施中,2024
01,,北海道,木古内町,,,26.0,実施中,2024
01,,北海道,七飯町,,,76.0,実施中,2024
01,,北海道,鹿部町,,,11.0,実施中,2024
01,,北海道,森町,,,6.0,実施中,2024
01,,北海道,八雲町,,,57.0,実施中,2024
01,,北海道,長万部町,,,41.0,実施中,2024
01,,北海道,江差町,,,64.0,実施中,2024
01,,北海道,上ノ国町,,,4.0,実施中,2024
01,,北海道,厚沢部町,,,93.0,実施中,2024
01,,北海道,乙部町,,,100.0,完了,2024
01,,北海道,奥尻町,,,0.0,未着手,2024
01,,北海道,今金町,,,47.0,実施中,2024
01,,北海道,せたな町,,,82.0,実施中,2024
01,,北海道,島牧村,,,100.0,完了,2024
01,,北海道,寿都町,,,64.0,実施中,2024
01,,北海道,黒松内町,,,74.0,実施中,2024
01,,北海道,蘭越町,,,61.0,実施中,2024
01,,北海道,ニセコ町,,,68.0,実施中,2024
01,,北海道,真狩村,,,83.0,実施中,2024
01,,北海道,留寿都村,,,92.0,実施中,2024
01,,北海道,喜茂別町,,,100.0,完了,2024
01,,北海道,京極町,,,94.0,実施中,2024
01,,北海道,倶知安町,,,80.0,実施中,2024
01,,北海道,共和町,,,11.0,実施中,2024
01,,北海道,岩内町,,,0.0,未着手,2024
01,,北海道,泊村,,,8.0,実施中,2024
01,,北海道,神恵内村,,,14.0,実施中,2024
01,,北海道,積丹町,,,3.0,実施中,2024
01,,北海道,古平町,,,0.0,未着手,2024
01,,北海道,仁木町,,,100.0,完了,2024
01,,北海道,余市町,,,90.0,実施中,2024
01,,北海道,赤井川村,,,100.0,完了,2024
01,,北海道,南幌町,,,97.0,実施中,2024
01,,北海道,奈井江町,,,39.0,実施中,2024
01,,北海道,上砂川町,,,0.0,未着手,2024
01,,北海道,由仁町,,,73.0,実施中,2024
01,,北海道,長沼町,,,100.0,完了,2024
01,,北海道,栗山町,,,79.0,実施中,2024
01,,北海道,月形町,,,42.0,実施中,2024
01,,北海道,浦臼町,,,76.0,実施中,2024
01,,北海道,新十津川町,,,20.0,実施中,2024
01,,北海道,妹背牛町,,,100.0,完了,2024
01,,北海道,秩父別町,,,34.0,実施中,2024
01,,北海道,雨竜町,,,54.0,実施中,2024
01,,北海道,北竜町,,,100.0,完了,2024
01,,北海道,沼田町,,,100.0,完了,2024
01,,北海道,鷹栖町,,,100.0,完了,2024
01,,北海道,東神楽町,,,53.0,実施中,2024
01,,北海道,当麻町,,,56.0,実施中,2024
01,,北海道,比布町,,,97.0,実施中,2024
01,,北海道,愛別町,,,82.0,実施中,2024
01,,北海道,上川町,,,34.0,実施中,2024
01,,北海道,東川町,,,2.0,実施中,2024
01,,北海道,美瑛町,,,87.0,実施中,2024
01,,北海道,上富良野町,,,79.0,実施中,2024
01,,北海道,中富良野町,,,88.0,実施中,2024
01,,北海道,南富良野町,,,37.0,実施中,2024
01,,北海道,占冠村,,,100.0,完了,2024
01,,北海道,和寒町,,,100.0,完了,2024
01,,北海道,剣淵町,,,96.0,実施中,2024
01,,北海道,下川町,,,100.0,完了,2024
01,,北海道,美深町,,,23.0,実施中,2024
01,,北海道,音威子府村,,,16.0,実施中,2024
01,,北海道,中川町,,,50.0,実施中,2024
01,,北海道,幌加内町,,,23.0,実施中,2024
01,,北海道,増毛町,,,43.0,実施中,2024
01,,北海道,小平町,,,81.0,実施中,2024
01,,北海道,苫前町,,,91.0,実施中,2024
01,,北海道,羽幌町,,,64.0,実施中,2024
01,,北海道,初山別村,,,83.0,実施中,2024
01,,北海道,遠別町,,,100.0,完了,2024
01,,北海道,天塩町,,,100.0,完了,2024
01,,北海道,猿払村,,,35.0,実施中,2024
01,,北海道,浜頓別町,,,69.0,実施中,2024
01,,北海道,中頓別町,,,100.0,完了,2024
01,,北海道,枝幸町,,,72.0,実施中,2024
01,,北海道,豊富町,,,85.0,実施中,2024
01,,北海道,礼文町,,,0.0,未着手,2024
01,,北海道,利尻町,,,0.0,未着手,2024
01,,北海道,利尻富士町,,,4.0,実施中,2024
01,,北海道,幌延町,,,49.0,実施中,2024
01,,北海道,美幌町,,,88.0,実施中,2024
01,,北海道,津別町,,,43.0,実施中,2024
01,,北海道,斜里町,,,91.0,実施中,2024
01,,北海道,清里町,,,100.0,完了,2024
01,,北海道,小清水町,,,99.0,実施中,2024
01,,北海道,訓子府町,,,67.0,実施中,2024
01,,北海道,置戸町,,,76.0,実施中,2024
01,,北海道,佐呂間町,,,99.0,実施中,2024
01,,北海道,遠軽町,,,100.0,完了,2024
01,,北海道,湧別町,,,99.0,実施中,2024
01,,北海道,滝上町,,,100.0,完了,2024
01,,北海道,興部町,,,62.0,実施中,2024
01,,北海道,西興部村,,,26.0,実施中,2024
01,,北海道,雄武町,,,44.0,実施中,2024
01,,北海道,大空町,,,99.0,実施中,2024
01,,北海道,豊浦町,,,76.0,実施中,2024
01,,北海道,壮瞥町,,,100.0,完了,2024
01,,北海道,白老町,,,60.0,実施中,2024
01,,北海道,厚真町,,,53.0,実施中,2024
01,,北海道,洞爺湖町,,,100.0,完了,2024
01,,北海道,安平町,,,68.0,実施中,2024
01,,北海道,むかわ町,,,87.0,実施中,2024
01,,北海道,日高町,,,95.0,実施中,2024
01,,北海道,平取町,,,91.0,実施中,2024
01,,北海道,新冠町,,,74.0,実施中,2024
01,,北海道,浦河町,,,56.0,実施中,2024
01,,北海道,様似町,,,28.0,実施中,2024
01,,北海道,えりも町,,,35.0,実施中,2024
01,,北海道,新ひだか町,,,100.0,完了,2024
01,,北海道,音更町,,,93.0,実施中,2024
01,,北海道,士幌町,,,100.0,完了,2024
01,,北海道,上士幌町,,,75.0,実施中,2024
01,,北海道,鹿追町,,,81.0,実施中,2024
01,,北海道,新得町,,,95.0,実施中,2024
01,,北海道,清水町,,,80.0,実施中,2024
01,,北海道,芽室町,,,97.0,実施中,2024
01,,北海道,中札内村,,,94.0,実施中,2024
01,,北海道,更別村,,,100.0,完了,2024
01,,北海道,大樹町,,,84.0,実施中,2024
01,,北海道,広尾町,,,73.0,実施中,2024
01,,北海道,幕別町,,,42.0,実施中,2024
01,,北海道,池田町,,,71.0,実施中,2024
01,,北海道,豊頃町,,,61.0,実施中,2024
01,,北海道,本別町,,,0.0,未着手,2024
01,,北海道,足寄町,,,70.0,実施中,2024
01,,北海道,陸別町,,,86.0,実施中,2024
01,,北海道,浦幌町,,,37.0,実施中,2024
01,,北海道,釧路町,,,89.0,実施中,2024
01,,北海道,厚岸町,,,59.0,実施中,2024
01,,北海道,浜中町,,,88.0,実施中,2024
01,,北海道,標茶町,,,77.0,実施中,2024
01,,北海道,弟子屈町,,,87.0,実施中,2024
01,,北海道,鶴居村,,,97.0,実施中,2024
01,,北海道,白糠町,,,51.0,実施中,2024
01,,北海道,別海町,,,92.0,実施中,2024
01,,北海道,中標津町,,,100.0,完了,2024
01,,北海道,標津町,,,65.0,実施中,2024
01,,北海道,羅臼町,,,66.0,実施中,2024
02,,青森県,青森市,,,59.0,実施中,2024
02,,青森県,弘前市,,,91.0,実施中,2024
02,,青森県,八戸市,,,77.0,実施中,2024
02,,青森県,黒石市,,,100.0,完了,2024
02,,青森県,五所川原市,,,100.0,完了,2024
02,,青森県,十和田市,,,100.0,完了,2024
02,,青森県,三沢市,,,81.0,実施中,2024
02,,青森県,むつ市,,,90.0,実施中,2024
02,,青森県,つがる市,,,100.0,完了,2024
02,,青森県,平川市,,,100.0,完了,2024
02,,青森県,平内町,,,100.0,完了,2024
02,,青森県,今別町,,,100.0,完了,2024
02,,青森県,蓬田村,,,100.0,完了,2024
02,,青森県,外ヶ浜町,,,97.0,実施中,2024
02,,青森県,鰺ヶ沢町,,,100.0,完了,2024
02,,青森県,深浦町,,,100.0,完了,2024
02,,青森県,西目屋村,,,100.0,完了,2024
02,,青森県,藤崎町,,,100.0,完了,2024
02,,青森県,大鰐町,,,100.0,完了,2024
02,,青森県,田舎館村,,,100.0,完了,2024
02,,青森県,板柳町,,,100.0,完了,2024
02,,青森県,鶴田町,,,100.0,完了,2024
02,,青森県,中泊町,,,98.0,実施中,2024
02,,青森県,野辺地町,,,100.0,完了,2024
02,,青森県,七戸町,,,93.0,実施中,2024
02,,青森県,六戸町,,,100.0,完了,2024
02,,青森県,横浜町,,,100.0,完了,2024
02,,青森県,東北町,,,99.0,実施中,2024
02,,青森県,六ヶ所村,,,100.0,完了,2024
02,,青森県,おいらせ町,,,100.0,完了,2024
02,,青森県,大間町,,,100.0,完了,2024
02,,青森県,東通村,,,95.0,実施中,2024
02,,青森県,風間浦村,,,100.0,完了,2024
02,,青森県,佐井村,,,100.0,完了,2024
02,,青森県,三戸町,,,100.0,完了,2024
02,,青森県,五戸町,,,100.0,完了,2024
02,,青森県,田子町,,,100.0,完了,2024
02,,青森県,南部町,,,100.0,完了,2024
02,,青森県,階上町,,,100.0,完了,2024
02,,青森県,新郷村,,,100.0,完了,2024
03,,岩手県,盛岡市,,,64.0,実施中,2024
03,,岩手県,宮古市,,,47.0,実施中,2024
03,,岩手県,大船渡市,,,100.0,完了,2024
03,,岩手県,花巻市,,,100.0,完了,2024
03,,岩手県,北上市,,,60.0,実施中,2024
03,,岩手県,久慈市,,,100.0,完了,2024
03,,岩手県,遠野市,,,95.0,実施中,2024
03,,岩手県,一関市,,,100.0,完了,2024
03,,岩手県,陸前高田市,,,100.0,完了,2024
03,,岩手県,釜石市,,,72.0,実施中,2024
03,,岩手県,二戸市,,,100.0,完了,2024
03,,岩手県,八幡平市,,,94.0,実施中,2024
03,,岩手県,奥州市,,,60.0,実施中,2024
03,,岩手県,滝沢市,,,78.0,実施中,2024
03,,岩手県,雫石町,,,95.0,実施中,2024
03,,岩手県,葛巻町,,,100.0,完了,2024
03,,岩手県,岩手町,,,100.0,完了,2024
03,,岩手県,紫波町,,,100.0,完了,2024
03,,岩手県,矢巾町,,,100.0,完了,2024
03,,岩手県,西和賀町,,,100.0,完了,2024
03,,岩手県,金ケ崎町,,,77.0,実施中,2024
03,,岩手県,平泉町,,,100.0,完了,2024
03,,岩手県,住田町,,,100.0,完了,2024
03,,岩手県,大槌町,,,48.0,実施中,2024
03,,岩手県,山田町,,,55.0,実施中,2024
03,,岩手県,岩泉町,,,100.0,完了,2024
03,,岩手県,田野畑村,,,100.0,完了,2024
03,,岩手県,普代村,,,100.0,完了,2024
03,,岩手県,軽米町,,,100.0,完了,2024
03,,岩手県,野田村,,,100.0,完了,2024
03,,岩手県,九戸村,,,100.0,完了,2024
03,,岩手県,洋野町,,,100.0,完了,2024
03,,岩手県,一戸町,,,100.0,完了,2024
04,,宮城県,仙台市,,,30.0,実施中,2024
04,,宮城県,石巻市,,,96.0,実施中,2024
04,,宮城県,塩竈市,,,100.0,完了,2024
04,,宮城県,気仙沼市,,,95.0,実施中,2024
04,,宮城県,白石市,,,94.0,実施中,2024
04,,宮城県,名取市,,,98.0,実施中,2024
04,,宮城県,角田市,,,100.0,完了,2024
04,,宮城県,多賀城市,,,79.0,実施中,2024
04,,宮城県,岩沼市,,,94.0,実施中,2024
04,,宮城県,登米市,,,99.0,実施中,2024
04,,宮城県,栗原市,,,100.0,完了,2024
04,,宮城県,東松島市,,,93.0,実施中,2024
04,,宮城県,大崎市,,,100.0,完了,2024
04,,宮城県,富谷市,,,89.0,実施中,2024
04,,宮城県,蔵王町,,,92.0,実施中,2024
04,,宮城県,七ヶ宿町,,,77.0,実施中,2024
04,,宮城県,大河原町,,,100.0,完了,2024
04,,宮城県,村田町,,,100.0,完了,2024
04,,宮城県,柴田町,,,98.0,実施中,2024
04,,宮城県,川崎町,,,80.0,実施中,2024
04,,宮城県,丸森町,,,100.0,完了,2024
04,,宮城県,亘理町,,,100.0,完了,2024
04,,宮城県,山元町,,,100.0,完了,2024
04,,宮城県,松島町,,,91.0,実施中,2024
04,,宮城県,七ヶ浜町,,,100.0,完了,2024
04,,宮城県,利府町,,,100.0,完了,2024
04,,宮城県,大和町,,,87.0,実施中,2024
04,,宮城県,大郷町,,,100.0,完了,2024
04,,宮城県,大衡村,,,72.0,実施中,2024
04,,宮城県,色麻町,,,81.0,実施中,2024
04,,宮城県,加美町,,,100.0,完了,2024
04,,宮城県,涌谷町,,,90.0,実施中,2024
04,,宮城県,美里町,,,87.0,実施中,2024
04,,宮城県,女川町,,,100.0,完了,2024
04,,宮城県,南三陸町,,,98.0,実施中,2024
05,,秋田県,秋田市,,,32.0,実施中,2024
05,,秋田県,能代市,,,37.0,実施中,2024
05,,秋田県,横手市,,,42.0,実施中,2024
05,,秋田県,大館市,,,51.0,実施中,2024
05,,秋田県,男鹿市,,,81.0,実施中,2024
05,,秋田県,湯沢市,,,23.0,実施中,2024
05,,秋田県,鹿角市,,,68.0,実施中,2024
05,,秋田県,由利本荘市,,,89.0,実施中,2024
05,,秋田県,潟上市,,,83.0,実施中,2024
05,,秋田県,大仙市,,,73.0,実施中,2024
05,,秋田県,北秋田市,,,91.0,実施中,2024
05,,秋田県,にかほ市,,,100.0,完了,2024
05,,秋田県,仙北市,,,47.0,実施中,2024
05,,秋田県,小坂町,,,58.0,実施中,2024
05,,秋田県,上小阿仁村,,,89.0,実施中,2024
05,,秋田県,藤里町,,,17.0,実施中,2024
05,,秋田県,三種町,,,81.0,実施中,2024
05,,秋田県,八峰町,,,20.0,実施中,2024
05,,秋田県,五城目町,,,99.0,実施中,2024
05,,秋田県,八郎潟町,,,86.0,実施中,2024
05,,秋田県,井川町,,,100.0,完了,2024
05,,秋田県,大潟村,,,100.0,完了,2024
05,,秋田県,美郷町,,,98.0,実施中,2024
05,,秋田県,羽後町,,,20.0,実施中,2024
05,,秋田県,東成瀬村,,,100.0,完了,2024
06,,山形県,山形市,,,23.0,実施中,2024
06,,山形県,米沢市,,,7.0,実施中,2024
06,,山形県,鶴岡市,,,53.0,実施中,2024
06,,山形県,酒田市,,,70.0,実施中,2024
06,,山形県,新庄市,,,94.0,実施中,2024
06,,山形県,寒河江市,,,59.0,実施中,2024
06,,山形県,上山市,,,6.0,実施中,2024
06,,山形県,村山市,,,59.0,実施中,2024
06,,山形県,長井市,,,43.0,実施中,2024
06,,山形県,天童市,,,13.0,実施中,2024
06,,山形県,東根市,,,32.0,実施中,2024
06,,山形県,尾花沢市,,,44.0,実施中,2024
06,,山形県,南陽市,,,7.0,実施中,2024
06,,山形県,山辺町,,,99.0,実施中,2024
06,,山形県,中山町,,,99.0,実施中,2024
06,,山形県,河北町,,,100.0,完了,2024
06,,山形県,西川町,,,68.0,実施中,2024
06,,山形県,朝日町,,,96.0,実施中,2024
06,,山形県,大江町,,,99.0,実施中,2024
06,,山形県,大石田町,,,65.0,実施中,2024
06,,山形県,金山町,,,99.0,実施中,2024
06,,山形県,最上町,,,100.0,完了,2024
06,,山形県,舟形町,,,98.0,実施中,2024
06,,山形県,真室川町,,,100.0,完了,2024
06,,山形県,大蔵村,,,100.0,完了,2024
06,,山形県,鮭川村,,,100.0,完了,2024
06,,山形県,戸沢村,,,93.0,実施中,2024
06,,山形県,高畠町,,,27.0,実施中,2024
06,,山形県,川西町,,,16.0,実施中,2024
06,,山形県,小国町,,,14.0,実施中,2024
06,,山形県,白鷹町,,,37.0,実施中,2024
06,,山形県,飯豊町,,,17.0,実施中,2024
06,,山形県,三川町,,,93.0,実施中,2024
06,,山形県,庄内町,,,86.0,実施中,2024
06,,山形県,遊佐町,,,93.0,実施中,2024
07,,福島県,福島市,,,45.0,実施中,2024
07,,福島県,会津若松市,,,37.0,実施中,2024
07,,福島県,郡山市,,,48.0,実施中,2024
07,,福島県,いわき市,,,68.0,実施中,2024
07,,福島県,白河市,,,99.0,実施中,2024
07,,福島県,須賀川市,,,90.0,実施中,2024
07,,福島県,喜多方市,,,36.0,実施中,2024
07,,福島県,相馬市,,,99.0,実施中,2024
07,,福島県,二本松市,,,98.0,実施中,2024
07,,福島県,田村市,,,100.0,完了,2024
07,,福島県,南相馬市,,,100.0,完了,2024
07,,福島県,伊達市,,,53.0,実施中,2024
07,,福島県,本宮市,,,100.0,完了,2024
07,,福島県,桑折町,,,93.0,実施中,2024
07,,福島県,国見町,,,100.0,完了,2024
07,,福島県,川俣町,,,98.0,実施中,2024
07,,福島県,大玉村,,,81.0,実施中,2024
07,,福島県,鏡石町,,,100.0,完了,2024
07,,福島県,天栄村,,,45.0,実施中,2024
07,,福島県,下郷町,,,13.0,実施中,2024
07,,福島県,檜枝岐村,,,100.0,完了,2024
07,,福島県,只見町,,,12.0,実施中,2024
07,,福島県,南会津町,,,13.0,実施中,2024
07,,福島県,北塩原村,,,18.0,実施中,2024
07,,福島県,西会津町,,,0.0,未着手,2024
07,,福島県,磐梯町,,,24.0,実施中,2024
07,,福島県,猪苗代町,,,33.0,実施中,2024
07,,福島県,会津坂下町,,,62.0,実施中,2024
07,,福島県,湯川村,,,95.0,実施中,2024
07,,福島県,柳津町,,,3.0,実施中,2024
07,,福島県,三島町,,,1.0,実施中,2024
07,,福島県,金山町,,,2.0,実施中,2024
07,,福島県,昭和村,,,1.0,実施中,2024
07,,福島県,会津美里町,,,21.0,実施中,2024
07,,福島県,西郷村,,,90.0,実施中,2024
07,,福島県,泉崎村,,,73.0,実施中,2024
07,,福島県,中島村,,,65.0,実施中,2024
07,,福島県,矢吹町,,,90.0,実施中,2024
07,,福島県,棚倉町,,,100.0,完了,2024
07,,福島県,矢祭町,,,100.0,完了,2024
07,,福島県,塙町,,,60.0,実施中,2024
07,,福島県,鮫川村,,,100.0,完了,2024
07,,福島県,石川町,,,99.0,実施中,2024
07,,福島県,玉川村,,,100.0,完了,2024
07,,福島県,平田村,,,100.0,完了,2024
07,,福島県,浅川町,,,100.0,完了,2024
07,,福島県,古殿町,,,98.0,実施中,2024
07,,福島県,三春町,,,100.0,完了,2024
07,,福島県,小野町,,,100.0,完了,2024
07,,福島県,広野町,,,95.0,実施中,2024
07,,福島県,楢葉町,,,100.0,完了,2024
07,,福島県,富岡町,,,100.0,完了,2024
07,,福島県,川内村,,,100.0,完了,2024
07,,福島県,大熊町,,,100.0,完了,2024
07,,福島県,双葉町,,,100.0,完了,2024
07,,福島県,浪江町,,,97.0,実施中,2024
07,,福島県,葛尾村,,,100.0,完了,2024
07,,福島県,新地町,,,90.0,実施中,2024
07,,福島県,飯舘村,,,93.0,実施中,2024
08,,茨城県,水戸市,,,76.0,実施中,2024
08,,茨城県,日立市,,,90.0,実施中,2024
08,,茨城県,土浦市,,,81.0,実施中,2024
08,,茨城県,古河市,,,49.0,実施中,2024
08,,茨城県,石岡市,,,80.0,実施中,2024
08,,茨城県,結城市,,,58.0,実施中,2024
08,,茨城県,龍ケ崎市,,,54.0,実施中,2024
08,,茨城県,下妻市,,,68.0,実施中,2024
08,,茨城県,常総市,,,29.0,実施中,2024
08,,茨城県,常陸太田市,,,92.0,実施中,2024
08,,茨城県,高萩市,,,45.0,実施中,2024
08,,茨城県,北茨城市,,,23.0,実施中,2024
08,,茨城県,笠間市,,,93.0,実施中,2024
08,,茨城県,取手市,,,16.0,実施中,2024
08,,茨城県,牛久市,,,100.0,完了,2024
08,,茨城県,つくば市,,,51.0,実施中,2024
08,,茨城県,ひたちなか市,,,39.0,実施中,2024
08,,茨城県,鹿嶋市,,,21.0,実施中,2024
08,,茨城県,潮来市,,,24.0,実施中,2024
08,,茨城県,守谷市,,,25.0,実施中,2024
08,,茨城県,常陸大宮市,,,100.0,完了,2024
08,,茨城県,那珂市,,,100.0,完了,2024
08,,茨城県,筑西市,,,61.0,実施中,2024
08,,茨城県,坂東市,,,41.0,実施中,2024
08,,茨城県,稲敷市,,,34.0,実施中,2024
08,,茨城県,かすみがうら市,,,100.0,完了,2024
08,,茨城県,桜川市,,,91.0,実施中,2024
08,,茨城県,神栖市,,,13.0,実施中,2024
08,,茨城県,行方市,,,100.0,完了,2024
08,,茨城県,鉾田市,,,92.0,実施中,2024
08,,茨城県,つくばみらい市,,,11.0,実施中,2024
08,,茨城県,小美玉市,,,94.0,実施中,2024
08,,茨城県,茨城町,,,79.0,実施中,2024
08,,茨城県,大洗町,,,48.0,実施中,2024
08,,茨城県,城里町,,,97.0,実施中,2024
08,,茨城県,東海村,,,59.0,実施中,2024
08,,茨城県,大子町,,,40.0,実施中,2024
08,,茨城県,美浦村,,,67.0,実施中,2024
08,,茨城県,阿見町,,,99.0,実施中,2024
08,,茨城県,河内町,,,18.0,実施中,2024
08,,茨城県,八千代町,,,100.0,完了,2024
08,,茨城県,五霞町,,,50.0,実施中,2024
08,,茨城県,境町,,,100.0,完了,2024
08,,茨城県,利根町,,,100.0,完了,2024
09,,栃木県,宇都宮市,,,31.0,実施中,2024
09,,栃木県,足利市,,,4.0,実施中,2024
09,,栃木県,栃木市,,,36.0,実施中,2024
09,,栃木県,佐野市,,,1.0,実施中,2024
09,,栃木県,鹿沼市,,,3.0,実施中,2024
09,,栃木県,日光市,,,9.0,実施中,2024
09,,栃木県,小山市,,,8.0,実施中,2024
09,,栃木県,真岡市,,,28.0,実施中,2024
09,,栃木県,大田原市,,,25.0,実施中,2024
09,,栃木県,矢板市,,,26.0,実施中,2024
09,,栃木県,那須塩原市,,,59.0,実施中,2024
09,,栃木県,さくら市,,,80.0,実施中,2024
09,,栃木県,那須烏山市,,,78.0,実施中,2024
09,,栃木県,下野市,,,38.0,実施中,2024
09,,栃木県,上三川町,,,24.0,実施中,2024
09,,栃木県,益子町,,,27.0,実施中,2024
09,,栃木県,茂木町,,,8.0,実施中,2024
09,,栃木県,市貝町,,,14.0,実施中,2024
09,,栃木県,芳賀町,,,44.0,実施中,2024
09,,栃木県,壬生町,,,10.0,実施中,2024
09,,栃木県,野木町,,,15.0,実施中,2024
09,,栃木県,塩谷町,,,25.0,実施中,2024
09,,栃木県,高根沢町,,,52.0,実施中,2024
09,,栃木県,那須町,,,7.0,実施中,2024
09,,栃木県,那珂川町,,,86.0,実施中,2024
10,,群馬県,前橋市,,,66.0,実施中,2024
10,,群馬県,高崎市,,,38.0,実施中,2024
10,,群馬県,桐生市,,,23.0,実施中,2024
10,,群馬県,伊勢崎市,,,25.0,実施中,2024
10,,群馬県,太田市,,,41.0,実施中,2024
10,,群馬県,沼田市,,,13.0,実施中,2024
10,,群馬県,館林市,,,20.0,実施中,2024
10,,群馬県,渋川市,,,81.0,実施中,2024
10,,群馬県,藤岡市,,,33.0,実施中,2024
10,,群馬県,富岡市,,,64.0,実施中,2024
10,,群馬県,安中市,,,60.0,実施中,2024
10,,群馬県,みどり市,,,8.0,実施中,2024
10,,群馬県,榛東村,,,13.0,実施中,2024
10,,群馬県,吉岡町,,,15.0,実施中,2024
10,,群馬県,上野村,,,0.0,未着手,2024
10,,群馬県,神流町,,,6.0,実施中,2024
10,,群馬県,下仁田町,,,0.0,未着手,2024
10,,群馬県,南牧村,,,2.0,実施中,2024
10,,群馬県,甘楽町,,,85.0,実施中,2024
10,,群馬県,中之条町,,,89.0,実施中,2024
10,,群馬県,長野原町,,,37.0,実施中,2024
10,,群馬県,嬬恋村,,,37.0,実施中,2024
10,,群馬県,草津町,,,67.0,実施中,2024
10,,群馬県,高山村,,,94.0,実施中,2024
10,,群馬県,東吾妻町,,,41.0,実施中,2024
10,,群馬県,片品村,,,0.0,未着手,2024
10,,群馬県,川場村,,,10.0,実施中,2024
10,,群馬県,昭和村,,,22.0,実施中,2024
10,,群馬県,みなかみ町,,,48.0,実施中,2024
10,,群馬県,玉村町,,,100.0,完了,2024
10,,群馬県,板倉町,,,9.0,実施中,2024
10,,群馬県,明和町,,,100.0,完了,2024
10,,群馬県,千代田町,,,4.0,実施中,2024
10,,群馬県,大泉町,,,19.0,実施中,2024
10,,群馬県,邑楽町,,,2.0,実施中,2024
11,,埼玉県,さいたま市,,,6.0,実施中,2024
11,,埼玉県,川越市,,,41.0,実施中,2024
11,,埼玉県,熊谷市,,,66.0,実施中,2024
11,,埼玉県,川口市,,,9.0,実施中,2024
11,,埼玉県,行田市,,,1.0,実施中,2024
11,,埼玉県,秩父市,,,3.0,実施中,2024
11,,埼玉県,所沢市,,,56.0,実施中,2024
11,,埼玉県,飯能市,,,11.0,実施中,2024
11,,埼玉県,加須市,,,83.0,実施中,2024
11,,埼玉県,本庄市,,,83.0,実施中,2024
11,,埼玉県,東松山市,,,55.0,実施中,2024
11,,埼玉県,春日部市,,,32.0,実施中,2024
11,,埼玉県,狭山市,,,75.0,実施中,2024
11,,埼玉県,羽生市,,,1.0,実施中,2024
11,,埼玉県,鴻巣市,,,19.0,実施中,2024
11,,埼玉県,深谷市,,,44.0,実施中,2024
11,,埼玉県,上尾市,,,31.0,実施中,2024
11,,埼玉県,草加市,,,10.0,実施中,2024
11,,埼玉県,越谷市,,,36.0,実施中,2024
11,,埼玉県,蕨市,,,100.0,完了,2024
11,,埼玉県,戸田市,,,0.0,未着手,2024
11,,埼玉県,入間市,,,77.0,実施中,2024
11,,埼玉県,朝霞市,,,2.0,実施中,2024
11,,埼玉県,志木市,,,35.0,実施中,2024
11,,埼玉県,和光市,,,5.0,実施中,2024
11,,埼玉県,新座市,,,5.0,実施中,2024
11,,埼玉県,桶川市,,,8.0,実施中,2024
11,,埼玉県,久喜市,,,29.0,実施中,2024
11,,埼玉県,北本市,,,1.0,実施中,2024
11,,埼玉県,八潮市,,,22.0,実施中,2024
11,,埼玉県,富士見市,,,10.0,実施中,2024
11,,埼玉県,三郷市,,,57.0,実施中,2024
11,,埼玉県,蓮田市,,,2.0,実施中,2024
11,,埼玉県,坂戸市,,,90.0,実施中,2024
11,,埼玉県,幸手市,,,8.0,実施中,2024
11,,埼玉県,鶴ヶ島市,,,92.0,実施中,2024
11,,埼玉県,日高市,,,88.0,実施中,2024
11,,埼玉県,吉川市,,,51.0,実施中,2024
11,,埼玉県,ふじみ野市,,,57.0,実施中,2024
11,,埼玉県,白岡市,,,9.0,実施中,2024
11,,埼玉県,伊奈町,,,22.0,実施中,2024
11,,埼玉県,三芳町,,,100.0,完了,2024
11,,埼玉県,毛呂山町,,,100.0,完了,2024
11,,埼玉県,越生町,,,96.0,実施中,2024
11,,埼玉県,滑川町,,,77.0,実施中,2024
11,,埼玉県,嵐山町,,,88.0,実施中,2024
11,,埼玉県,小川町,,,72.0,実施中,2024
11,,埼玉県,川島町,,,1.0,実施中,2024
11,,埼玉県,吉見町,,,1.0,実施中,2024
11,,埼玉県,鳩山町,,,95.0,実施中,2024
11,,埼玉県,ときがわ町,,,48.0,実施中,2024
11,,埼玉県,横瀬町,,,1.0,実施中,2024
11,,埼玉県,皆野町,,,0.0,未着手,2024
11,,埼玉県,長瀞町,,,0.0,未着手,2024
11,,埼玉県,小鹿野町,,,10.0,実施中,2024
11,,埼玉県,東秩父村,,,27.0,実施中,2024
11,,埼玉県,美里町,,,61.0,実施中,2024
11,,埼玉県,神川町,,,63.0,実施中,2024
11,,埼玉県,上里町,,,100.0,完了,2024
11,,埼玉県,寄居町,,,0.0,未着手,2024
11,,埼玉県,宮代町,,,1.0,実施中,2024
11,,埼玉県,杉戸町,,,10.0,実施中,2024
11,,埼玉県,松伏町,,,9.0,実施中,2024
12,,千葉県,千葉市,,,9.0,実施中,2024
12,,千葉県,銚子市,,,0.0,未着手,2024
12,,千葉県,市川市,,,2.0,実施中,2024
12,,千葉県,船橋市,,,2.0,実施中,2024
12,,千葉県,館山市,,,2.0,実施中,2024
12,,千葉県,木更津市,,,15.0,実施中,2024
12,,千葉県,松戸市,,,2.0,実施中,2024
12,,千葉県,野田市,,,4.0,実施中,2024
12,,千葉県,茂原市,,,1.0,実施中,2024
12,,千葉県,成田市,,,35.0,実施中,2024
12,,千葉県,佐倉市,,,2.0,実施中,2024
12,,千葉県,東金市,,,22.0,実施中,2024
12,,千葉県,旭市,,,23.0,実施中,2024
12,,千葉県,習志野市,,,15.0,実施中,2024
12,,千葉県,柏市,,,38.0,実施中,2024
12,,千葉県,勝浦市,,,5.0,実施中,2024
12,,千葉県,市原市,,,10.0,実施中,2024
12,,千葉県,流山市,,,16.0,実施中,2024
12,,千葉県,八千代市,,,11.0,実施中,2024
12,,千葉県,我孫子市,,,5.0,実施中,2024
12,,千葉県,鴨川市,,,4.0,実施中,2024
12,,千葉県,鎌ケ谷市,,,1.0,実施中,2024
12,,千葉県,君津市,,,3.0,実施中,2024
12,,千葉県,富津市,,,13.0,実施中,2024
12,,千葉県,浦安市,,,50.0,実施中,2024
12,,千葉県,四街道市,,,8.0,実施中,2024
12,,千葉県,袖ケ浦市,,,4.0,実施中,2024
12,,千葉県,八街市,,,0.0,未着手,2024
12,,千葉県,印西市,,,13.0,実施中,2024
12,,千葉県,白井市,,,10.0,実施中,2024
12,,千葉県,富里市,,,1.0,実施中,2024
12,,千葉県,南房総市,,,48.0,実施中,2024
12,,千葉県,匝瑳市,,,0.0,未着手,2024
12,,千葉県,香取市,,,35.0,実施中,2024
12,,千葉県,山武市,,,14.0,実施中,2024
12,,千葉県,いすみ市,,,2.0,実施中,2024
12,,千葉県,大網白里市,,,11.0,実施中,2024
12,,千葉県,酒々井町,,,1.0,実施中,2024
12,,千葉県,栄町,,,23.0,実施中,2024
12,,千葉県,神崎町,,,70.0,実施中,2024
12,,千葉県,多古町,,,71.0,実施中,2024
12,,千葉県,東庄町,,,84.0,実施中,2024
12,,千葉県,九十九里町,,,0.0,未着手,2024
12,,千葉県,芝山町,,,34.0,実施中,2024
12,,千葉県,横芝光町,,,0.0,未着手,2024
12,,千葉県,一宮町,,,87.0,実施中,2024
12,,千葉県,睦沢町,,,69.0,実施中,2024
12,,千葉県,長生村,,,89.0,実施中,2024
12,,千葉県,白子町,,,98.0,実施中,2024
12,,千葉県,長柄町,,,100.0,完了,2024
12,,千葉県,長南町,,,56.0,実施中,2024
12,,千葉県,大多喜町,,,24.0,実施中,2024
12,,千葉県,御宿町,,,0.0,未着手,2024
12,,千葉県,鋸南町,,,77.0,実施中,2024
13,,東京都,千代田区,,,13.0,実施中,2024
13,,東京都,中央区,,,16.0,実施中,2024
13,,東京都,港区,,,7.0,実施中,2024
13,,東京都,新宿区,,,19.0,実施中,2024
13,,東京都,文京区,,,7.0,実施中,2024
13,,東京都,台東区,,,20.0,実施中,2024
13,,東京都,墨田区,,,49.0,実施中,2024
13,,東京都,江東区,,,5.0,実施中,2024
13,,東京都,品川区,,,13.0,実施中,2024
13,,東京都,目黒区,,,10.0,実施中,2024
13,,東京都,大田区,,,12.0,実施中,2024
13,,東京都,世田谷区,,,40.0,実施中,2024
13,,東京都,渋谷区,,,4.0,実施中,2024
13,,東京都,中野区,,,15.0,実施中,2024
13,,東京都,杉並区,,,37.0,実施中,2024
13,,東京都,豊島区,,,5.0,実施中,2024
13,,東京都,北区,,,7.0,実施中,2024
13,,東京都,荒川区,,,4.0,実施中,2024
13,,東京都,板橋区,,,10.0,実施中,2024
13,,東京都,練馬区,,,9.0,実施中,2024
13,,東京都,足立区,,,4.0,実施中,2024
13,,東京都,葛飾区,,,34.0,実施中,2024
13,,東京都,江戸川区,,,9.0,実施中,2024
13,,東京都,八王子市,,,5.0,実施中,2024
13,,東京都,立川市,,,5.0,実施中,2024
13,,東京都,武蔵野市,,,0.0,未着手,2024
13,,東京都,三鷹市,,,7.0,実施中,2024
13,,東京都,青梅市,,,14.0,実施中,2024
13,,東京都,府中市,,,2.0,実施中,2024
13,,東京都,昭島市,,,4.0,実施中,2024
13,,東京都,調布市,,,3.0,実施中,2024
13,,東京都,町田市,,,9.0,実施中,2024
13,,東京都,小金井市,,,29.0,実施中,2024
13,,東京都,小平市,,,7.0,実施中,2024
13,,東京都,日野市,,,10.0,実施中,2024
13,,東京都,東村山市,,,30.0,実施中,2024
13,,東京都,国分寺市,,,8.0,実施中,2024
13,,東京都,国立市,,,5.0,実施中,2024
13,,東京都,福生市,,,19.0,実施中,2024
13,,東京都,狛江市,,,1.0,実施中,2024
13,,東京都,東大和市,,,2.0,実施中,2024
13,,東京都,清瀬市,,,0.0,未着手,2024
13,,東京都,東久留米市,,,2.0,実施中,2024
13,,東京都,武蔵村山市,,,58.0,実施中,2024
13,,東京都,多摩市,,,28.0,実施中,2024
13,,東京都,稲城市,,,6.0,実施中,2024
13,,東京都,羽村市,,,28.0,実施中,2024
13,,東京都,あきる野市,,,36.0,実施中,2024
13,,東京都,西東京市,,,0.0,未着手,2024
13,,東京都,瑞穂町,,,67.0,実施中,2024
13,,東京都,日の出町,,,62.0,実施中,2024
13,,東京都,檜原村,,,0.0,未着手,2024
13,,東京都,奥多摩町,,,1.0,実施中,2024
13,,東京都,大島町,,,100.0,完了,2024
13,,東京都,利島村,,,100.0,完了,2024
13,,東京都,新島村,,,98.0,実施中,2024
13,,東京都,神津島村,,,100.0,完了,2024
13,,東京都,三宅村,,,100.0,完了,2024
13,,東京都,御蔵島村,,,100.0,完了,2024
13,,東京都,八丈町,,,94.0,実施中,2024
13,,東京都,青ヶ島村,,,100.0,完了,2024
13,,東京都,小笠原村,,,4.0,実施中,2024
14,,神奈川県,横浜市,,,39.0,実施中,2024
14,,神奈川県,川崎市,,,12.0,実施中,2024
14,,神奈川県,相模原市,,,2.0,実施中,2024
14,,神奈川県,横須賀市,,,2.0,実施中,2024
14,,神奈川県,平塚市,,,31.0,実施中,2024
14,,神奈川県,鎌倉市,,,7.0,実施中,2024
14,,神奈川県,藤沢市,,,8.0,実施中,2024
14,,神奈川県,小田原市,,,9.0,実施中,2024
14,,神奈川県,茅ヶ崎市,,,43.0,実施中,2024
14,,神奈川県,逗子市,,,4.0,実施中,2024
14,,神奈川県,三浦市,,,1.0,実施中,2024
14,,神奈川県,秦野市,,,3.0,実施中,2024
14,,神奈川県,厚木市,,,14.0,実施中,2024
14,,神奈川県,大和市,,,7.0,実施中,2024
14,,神奈川県,伊勢原市,,,31.0,実施中,2024
14,,神奈川県,海老名市,,,25.0,実施中,2024
14,,神奈川県,座間市,,,2.0,実施中,2024
14,,神奈川県,南足柄市,,,20.0,実施中,2024
14,,神奈川県,綾瀬市,,,19.0,実施中,2024
14,,神奈川県,葉山町,,,0.0,未着手,2024
14,,神奈川県,寒川町,,,57.0,実施中,2024
14,,神奈川県,大磯町,,,2.0,実施中,2024
14,,神奈川県,二宮町,,,11.0,実施中,2024
14,,神奈川県,中井町,,,18.0,実施中,2024
14,,神奈川県,大井町,,,100.0,完了,2024
14,,神奈川県,松田町,,,3.0,実施中,2024
14,,神奈川県,山北町,,,1.0,実施中,2024
14,,神奈川県,開成町,,,53.0,実施中,2024
14,,神奈川県,箱根町,,,0.0,未着手,2024
14,,神奈川県,真鶴町,,,3.0,実施中,2024
14,,神奈川県,湯河原町,,,2.0,実施中,2024
14,,神奈川県,愛川町,,,1.0,実施中,2024
14,,神奈川県,清川村,,,0.0,未着手,2024
15,,新潟県,新潟市,,,36.0,実施中,2024
15,,新潟県,長岡市,,,17.0,実施中,2024
15,,新潟県,三条市,,,16.0,実施中,2024
15,,新潟県,柏崎市,,,3.0,実施中,2024
15,,新潟県,新発田市,,,53.0,実施中,2024
15,,新潟県,小千谷市,,,27.0,実施中,2024
15,,新潟県,加茂市,,,6.0,実施中,2024
15,,新潟県,十日町市,,,44.0,実施中,2024
15,,新潟県,見附市,,,30.0,実施中,2024
15,,新潟県,村上市,,,32.0,実施中,2024
15,,新潟県,燕市,,,58.0,実施中,2024
15,,新潟県,糸魚川市,,,4.0,実施中,2024
15,,新潟県,妙高市,,,6.0,実施中,2024
15,,新潟県,五泉市,,,10.0,実施中,2024
15,,新潟県,上越市,,,31.0,実施中,2024
15,,新潟県,阿賀野市,,,65.0,実施中,2024
15,,新潟県,佐渡市,,,85.0,実施中,2024
15,,新潟県,魚沼市,,,65.0,実施中,2024
15,,新潟県,南魚沼市,,,32.0,実施中,2024
15,,新潟県,胎内市,,,95.0,実施中,2024
15,,新潟県,聖籠町,,,73.0,実施中,2024
15,,新潟県,弥彦村,,,96.0,実施中,2024
15,,新潟県,田上町,,,25.0,実施中,2024
15,,新潟県,阿賀町,,,6.0,実施中,2024
15,,新潟県,出雲崎町,,,14.0,実施中,2024
15,,新潟県,湯沢町,,,15.0,実施中,2024
15,,新潟県,津南町,,,100.0,完了,2024
15,,新潟県,刈羽村,,,79.0,実施中,2024
15,,新潟県,関川村,,,66.0,実施中,2024
15,,新潟県,粟島浦村,,,69.0,実施中,2024
16,,富山県,富山市,,,16.0,実施中,2024
16,,富山県,高岡市,,,29.0,実施中,2024
16,,富山県,魚津市,,,10.0,実施中,2024
16,,富山県,氷見市,,,46.0,実施中,2024
16,,富山県,滑川市,,,63.0,実施中,2024
16,,富山県,黒部市,,,27.0,実施中,2024
16,,富山県,砺波市,,,86.0,実施中,2024
16,,富山県,小矢部市,,,44.0,実施中,2024
16,,富山県,南砺市,,,26.0,実施中,2024
16,,富山県,射水市,,,22.0,実施中,2024
16,,富山県,舟橋村,,,100.0,完了,2024
16,,富山県,上市町,,,16.0,実施中,2024
16,,富山県,立山町,,,43.0,実施中,2024
16,,富山県,入善町,,,85.0,実施中,2024
16,,富山県,朝日町,,,23.0,実施中,2024
17,,石川県,金沢市,,,31.0,実施中,2024
17,,石川県,七尾市,,,2.0,実施中,2024
17,,石川県,小松市,,,4.0,実施中,2024
17,,石川県,輪島市,,,1.0,実施中,2024
17,,石川県,珠洲市,,,1.0,実施中,2024
17,,石川県,加賀市,,,14.0,実施中,2024
17,,石川県,羽咋市,,,66.0,実施中,2024
17,,石川県,かほく市,,,47.0,実施中,2024
17,,石川県,白山市,,,16.0,実施中,2024
17,,石川県,能美市,,,33.0,実施中,2024
17,,石川県,野々市市,,,100.0,完了,2024
17,,石川県,川北町,,,50.0,実施中,2024
17,,石川県,津幡町,,,10.0,実施中,2024
17,,石川県,内灘町,,,60.0,実施中,2024
17,,石川県,志賀町,,,28.0,実施中,2024
17,,石川県,宝達志水町,,,24.0,実施中,2024
17,,石川県,中能登町,,,26.0,実施中,2024
17,,石川県,穴水町,,,1.0,実施中,2024
17,,石川県,能登町,,,6.0,実施中,2024
18,,福井県,福井市,,,23.0,実施中,2024
18,,福井県,敦賀市,,,12.0,実施中,2024
18,,福井県,小浜市,,,7.0,実施中,2024
18,,福井県,大野市,,,10.0,実施中,2024
18,,福井県,勝山市,,,4.0,実施中,2024
18,,福井県,鯖江市,,,35.0,実施中,2024
18,,福井県,あわら市,,,32.0,実施中,2024
18,,福井県,越前市,,,22.0,実施中,2024
18,,福井県,坂井市,,,27.0,実施中,2024
18,,福井県,永平寺町,,,4.0,実施中,2024
18,,福井県,池田町,,,1.0,実施中,2024
18,,福井県,南越前町,,,4.0,実施中,2024
18,,福井県,越前町,,,5.0,実施中,2024
18,,福井県,美浜町,,,17.0,実施中,2024
18,,福井県,高浜町,,,7.0,実施中,2024
18,,福井県,おおい町,,,10.0,実施中,2024
18,,福井県,若狭町,,,24.0,実施中,2024
19,,山梨県,甲府市,,,31.0,実施中,2024
19,,山梨県,富士吉田市,,,7.0,実施中,2024
19,,山梨県,都留市,,,13.0,実施中,2024
19,,山梨県,山梨市,,,46.0,実施中,2024
19,,山梨県,大月市,,,7.0,実施中,2024
19,,山梨県,韮崎市,,,62.0,実施中,2024
19,,山梨県,南アルプス市,,,27.0,実施中,2024
19,,山梨県,北杜市,,,64.0,実施中,2024
19,,山梨県,甲斐市,,,63.0,実施中,2024
19,,山梨県,笛吹市,,,61.0,実施中,2024
19,,山梨県,上野原市,,,7.0,実施中,2024
19,,山梨県,甲州市,,,33.0,実施中,2024
19,,山梨県,中央市,,,65.0,実施中,2024
19,,山梨県,市川三郷町,,,54.0,実施中,2024
19,,山梨県,早川町,,,0.0,未着手,2024
19,,山梨県,身延町,,,25.0,実施中,2024
19,,山梨県,南部町,,,15.0,実施中,2024
19,,山梨県,富士川町,,,32.0,実施中,2024
19,,山梨県,昭和町,,,88.0,実施中,2024
19,,山梨県,道志村,,,4.0,実施中,2024
19,,山梨県,西桂町,,,72.0,実施中,2024
19,,山梨県,忍野村,,,100.0,完了,2024
19,,山梨県,山中湖村,,,6.0,実施中,2024
19,,山梨県,鳴沢村,,,15.0,実施中,2024
19,,山梨県,富士河口湖町,,,14.0,実施中,2024
19,,山梨県,小菅村,,,0.0,未着手,2024
19,,山梨県,丹波山村,,,0.0,未着手,2024
20,,長野県,長野市,,,19.0,実施中,2024
20,,長野県,松本市,,,47.0,実施中,2024
20,,長野県,上田市,,,19.0,実施中,2024
20,,長野県,岡谷市,,,0.0,未着手,2024
20,,長野県,飯田市,,,30.0,実施中,2024
20,,長野県,諏訪市,,,0.0,未着手,2024
20,,長野県,須坂市,,,1.0,実施中,2024
20,,長野県,小諸市,,,84.0,実施中,2024
20,,長野県,伊那市,,,17.0,実施中,2024
20,,長野県,駒ヶ根市,,,6.0,実施中,2024
20,,長野県,中野市,,,2.0,実施中,2024
20,,長野県,大町市,,,35.0,実施中,2024
20,,長野県,飯山市,,,15.0,実施中,2024
20,,長野県,茅野市,,,8.0,実施中,2024
20,,長野県,塩尻市,,,15.0,実施中,2024
20,,長野県,佐久市,,,83.0,実施中,2024
20,,長野県,千曲市,,,33.0,実施中,2024
20,,長野県,東御市,,,100.0,完了,2024
20,,長野県,安曇野市,,,58.0,実施中,2024
20,,長野県,小海町,,,90.0,実施中,2024
20,,長野県,川上村,,,41.0,実施中,2024
20,,長野県,南牧村,,,43.0,実施中,2024
20,,長野県,南相木村,,,100.0,完了,2024
20,,長野県,北相木村,,,100.0,完了,2024
20,,長野県,佐久穂町,,,74.0,実施中,2024
20,,長野県,軽井沢町,,,99.0,実施中,2024
20,,長野県,御代田町,,,78.0,実施中,2024
20,,長野県,立科町,,,100.0,完了,2024
20,,長野県,青木村,,,8.0,実施中,2024
20,,長野県,長和町,,,100.0,完了,2024
20,,長野県,下諏訪町,,,0.0,未着手,2024
20,,長野県,富士見町,,,55.0,実施中,2024
20,,長野県,原村,,,24.0,実施中,2024
20,,長野県,辰野町,,,17.0,実施中,2024
20,,長野県,箕輪町,,,38.0,実施中,2024
20,,長野県,飯島町,,,25.0,実施中,2024
20,,長野県,南箕輪村,,,66.0,実施中,2024
20,,長野県,中川村,,,71.0,実施中,2024
20,,長野県,宮田村,,,38.0,実施中,2024
20,,長野県,松川町,,,100.0,完了,2024
20,,長野県,高森町,,,60.0,実施中,2024
20,,長野県,阿南町,,,85.0,実施中,2024
20,,長野県,阿智村,,,71.0,実施中,2024
20,,長野県,平谷村,,,27.0,実施中,2024
20,,長野県,根羽村,,,100.0,完了,2024
20,,長野県,下條村,,,100.0,完了,2024
20,,長野県,売木村,,,100.0,完了,2024
20,,長野県,天龍村,,,33.0,実施中,2024
20,,長野県,泰阜村,,,92.0,実施中,2024
20,,長野県,喬木村,,,100.0,完了,2024
20,,長野県,豊丘村,,,100.0,完了,2024
20,,長野県,大鹿村,,,13.0,実施中,2024
20,,長野県,上松町,,,4.0,実施中,2024
20,,長野県,南木曽町,,,32.0,実施中,2024
20,,長野県,木祖村,,,100.0,完了,2024
20,,長野県,王滝村,,,100.0,完了,2024
20,,長野県,大桑村,,,46.0,実施中,2024
20,,長野県,木曽町,,,39.0,実施中,2024
20,,長野県,麻績村,,,14.0,実施中,2024
20,,長野県,生坂村,,,26.0,実施中,2024
20,,長野県,山形村,,,49.0,実施中,2024
20,,長野県,朝日村,,,1.0,実施中,2024
20,,長野県,筑北村,,,3.0,実施中,2024
20,,長野県,池田町,,,48.0,実施中,2024
20,,長野県,松川村,,,57.0,実施中,2024
20,,長野県,白馬村,,,10.0,実施中,2024
20,,長野県,小谷村,,,0.0,未着手,2024
20,,長野県,坂城町,,,16.0,実施中,2024
20,,長野県,小布施町,,,1.0,実施中,2024
20,,長野県,高山村,,,26.0,実施中,2024
20,,長野県,山ノ内町,,,10.0,実施中,2024
20,,長野県,木島平村,,,21.0,実施中,2024
20,,長野県,野沢温泉村,,,11.0,実施中,2024
20,,長野県,信濃町,,,74.0,実施中,2024
20,,長野県,小川村,,,91.0,実施中,2024
20,,長野県,飯綱町,,,51.0,実施中,2024
20,,長野県,栄村,,,43.0,実施中,2024
21,,岐阜県,岐阜市,,,9.0,実施中,2024
21,,岐阜県,大垣市,,,8.0,実施中,2024
21,,岐阜県,高山市,,,17.0,実施中,2024
21,,岐阜県,多治見市,,,19.0,実施中,2024
21,,岐阜県,関市,,,9.0,実施中,2024
21,,岐阜県,中津川市,,,47.0,実施中,2024
21,,岐阜県,美濃市,,,2.0,実施中,2024
21,,岐阜県,瑞浪市,,,34.0,実施中,2024
21,,岐阜県,羽島市,,,11.0,実施中,2024
21,,岐阜県,恵那市,,,48.0,実施中,2024
21,,岐阜県,美濃加茂市,,,26.0,実施中,2024
21,,岐阜県,土岐市,,,19.0,実施中,2024
21,,岐阜県,各務原市,,,2.0,実施中,2024
21,,岐阜県,可児市,,,0.0,未着手,2024
21,,岐阜県,山県市,,,1.0,実施中,2024
21,,岐阜県,瑞穂市,,,13.0,実施中,2024
21,,岐阜県,飛騨市,,,30.0,実施中,2024
21,,岐阜県,本巣市,,,20.0,実施中,2024
21,,岐阜県,郡上市,,,4.0,実施中,2024
21,,岐阜県,下呂市,,,13.0,実施中,2024
21,,岐阜県,海津市,,,48.0,実施中,2024
21,,岐阜県,岐南町,,,0.0,未着手,2024
21,,岐阜県,笠松町,,,7.0,実施中,2024
21,,岐阜県,養老町,,,7.0,実施中,2024
21,,岐阜県,垂井町,,,18.0,実施中,2024
21,,岐阜県,関ケ原町,,,5.0,実施中,2024
21,,岐阜県,神戸町,,,18.0,実施中,2024
21,,岐阜県,輪之内町,,,11.0,実施中,2024
21,,岐阜県,安八町,,,0.0,未着手,2024
21,,岐阜県,揖斐川町,,,8.0,実施中,2024
21,,岐阜県,大野町,,,9.0,実施中,2024
21,,岐阜県,池田町,,,38.0,実施中,2024
21,,岐阜県,北方町,,,40.0,実施中,2024
21,,岐阜県,坂祝町,,,11.0,実施中,2024
21,,岐阜県,富加町,,,12.0,実施中,2024
21,,岐阜県,川辺町,,,7.0,実施中,2024
21,,岐阜県,七宗町,,,2.0,実施中,2024
21,,岐阜県,八百津町,,,25.0,実施中,2024
21,,岐阜県,白川町,,,34.0,実施中,2024
21,,岐阜県,東白川村,,,51.0,実施中,2024
21,,岐阜県,御嵩町,,,7.0,実施中,2024
21,,岐阜県,白川村,,,23.0,実施中,2024
22,,静岡県,静岡市,,,3.0,実施中,2024
22,,静岡県,浜松市,,,29.0,実施中,2024
22,,静岡県,沼津市,,,12.0,実施中,2024
22,,静岡県,熱海市,,,3.0,実施中,2024
22,,静岡県,三島市,,,50.0,実施中,2024
22,,静岡県,富士宮市,,,26.0,実施中,2024
22,,静岡県,伊東市,,,14.0,実施中,2024
22,,静岡県,島田市,,,43.0,実施中,2024
22,,静岡県,富士市,,,7.0,実施中,2024
22,,静岡県,磐田市,,,81.0,実施中,2024
22,,静岡県,焼津市,,,51.0,実施中,2024
22,,静岡県,掛川市,,,50.0,実施中,2024
22,,静岡県,藤枝市,,,8.0,実施中,2024
22,,静岡県,御殿場市,,,31.0,実施中,2024
22,,静岡県,袋井市,,,63.0,実施中,2024
22,,静岡県,下田市,,,1.0,実施中,2024
22,,静岡県,裾野市,,,5.0,実施中,2024
22,,静岡県,湖西市,,,29.0,実施中,2024
22,,静岡県,伊豆市,,,10.0,実施中,2024
22,,静岡県,御前崎市,,,100.0,完了,2024
22,,静岡県,菊川市,,,99.0,実施中,2024
22,,静岡県,伊豆の国市,,,26.0,実施中,2024
22,,静岡県,牧之原市,,,99.0,実施中,2024
22,,静岡県,東伊豆町,,,1.0,実施中,2024
22,,静岡県,河津町,,,2.0,実施中,2024
22,,静岡県,南伊豆町,,,1.0,実施中,2024
22,,静岡県,松崎町,,,3.0,実施中,2024
22,,静岡県,西伊豆町,,,3.0,実施中,2024
22,,静岡県,函南町,,,41.0,実施中,2024
22,,静岡県,清水町,,,42.0,実施中,2024
22,,静岡県,長泉町,,,53.0,実施中,2024
22,,静岡県,小山町,,,91.0,実施中,2024
22,,静岡県,吉田町,,,100.0,完了,2024
22,,静岡県,川根本町,,,8.0,実施中,2024
22,,静岡県,森町,,,52.0,実施中,2024
23,,愛知県,名古屋市,,,7.0,実施中,2024
23,,愛知県,豊橋市,,,12.0,実施中,2024
23,,愛知県,岡崎市,,,9.0,実施中,2024
23,,愛知県,一宮市,,,9.0,実施中,2024
23,,愛知県,瀬戸市,,,2.0,実施中,2024
23,,愛知県,半田市,,,10.0,実施中,2024
23,,愛知県,春日井市,,,14.0,実施中,2024
23,,愛知県,豊川市,,,10.0,実施中,2024
23,,愛知県,津島市,,,24.0,実施中,2024
23,,愛知県,碧南市,,,43.0,実施中,2024
23,,愛知県,刈谷市,,,22.0,実施中,2024
23,,愛知県,豊田市,,,9.0,実施中,2024
23,,愛知県,安城市,,,32.0,実施中,2024
23,,愛知県,西尾市,,,52.0,実施中,2024
23,,愛知県,蒲郡市,,,5.0,実施中,2024
23,,愛知県,犬山市,,,14.0,実施中,2024
23,,愛知県,常滑市,,,39.0,実施中,2024
23,,愛知県,江南市,,,0.0,未着手,2024
23,,愛知県,小牧市,,,14.0,実施中,2024
23,,愛知県,稲沢市,,,34.0,実施中,2024
23,,愛知県,新城市,,,4.0,実施中,2024
23,,愛知県,東海市,,,12.0,実施中,2024
23,,愛知県,大府市,,,8.0,実施中,2024
23,,愛知県,知多市,,,13.0,実施中,2024
23,,愛知県,知立市,,,32.0,実施中,2024
23,,愛知県,尾張旭市,,,10.0,実施中,2024
23,,愛知県,高浜市,,,90.0,実施中,2024
23,,愛知県,岩倉市,,,2.0,実施中,2024
23,,愛知県,豊明市,,,33.0,実施中,2024
23,,愛知県,日進市,,,10.0,実施中,2024
23,,愛知県,田原市,,,29.0,実施中,2024
23,,愛知県,愛西市,,,19.0,実施中,2024
23,,愛知県,清須市,,,8.0,実施中,2024
23,,愛知県,北名古屋市,,,49.0,実施中,2024
23,,愛知県,弥富市,,,10.0,実施中,2024
23,,愛知県,みよし市,,,78.0,実施中,2024
23,,愛知県,あま市,,,23.0,実施中,2024
23,,愛知県,長久手市,,,10.0,実施中,2024
23,,愛知県,東郷町,,,1.0,実施中,2024
23,,愛知県,豊山町,,,0.0,未着手,2024
23,,愛知県,大口町,,,100.0,完了,2024
23,,愛知県,扶桑町,,,16.0,実施中,2024
23,,愛知県,大治町,,,10.0,実施中,2024
23,,愛知県,蟹江町,,,20.0,実施中,2024
23,,愛知県,飛島村,,,46.0,実施中,2024
23,,愛知県,阿久比町,,,32.0,実施中,2024
23,,愛知県,東浦町,,,8.0,実施中,2024
23,,愛知県,南知多町,,,17.0,実施中,2024
23,,愛知県,美浜町,,,15.0,実施中,2024
23,,愛知県,武豊町,,,10.0,実施中,2024
23,,愛知県,幸田町,,,18.0,実施中,2024
23,,愛知県,設楽町,,,4.0,実施中,2024
23,,愛知県,東栄町,,,2.0,実施中,2024
23,,愛知県,豊根村,,,0.0,未着手,2024
24,,三重県,津市,,,6.0,実施中,2024
24,,三重県,四日市市,,,17.0,実施中,2024
24,,三重県,伊勢市,,,10.0,実施中,2024
24,,三重県,松阪市,,,5.0,実施中,2024
24,,三重県,桑名市,,,8.0,実施中,2024
24,,三重県,鈴鹿市,,,15.0,実施中,2024
24,,三重県,名張市,,,18.0,実施中,2024
24,,三重県,尾鷲市,,,2.0,実施中,2024
24,,三重県,亀山市,,,2.0,実施中,2024
24,,三重県,鳥羽市,,,36.0,実施中,2024
24,,三重県,熊野市,,,1.0,実施中,2024
24,,三重県,いなべ市,,,9.0,実施中,2024
24,,三重県,志摩市,,,49.0,実施中,2024
24,,三重県,伊賀市,,,23.0,実施中,2024
24,,三重県,木曽岬町,,,58.0,実施中,2024
24,,三重県,東員町,,,36.0,実施中,2024
24,,三重県,菰野町,,,2.0,実施中,2024
24,,三重県,朝日町,,,24.0,実施中,2024
24,,三重県,川越町,,,32.0,実施中,2024
24,,三重県,多気町,,,13.0,実施中,2024
24,,三重県,明和町,,,10.0,実施中,2024
24,,三重県,大台町,,,3.0,実施中,2024
24,,三重県,玉城町,,,3.0,実施中,2024
24,,三重県,度会町,,,3.0,実施中,2024
24,,三重県,大紀町,,,2.0,実施中,2024
24,,三重県,南伊勢町,,,1.0,実施中,2024
24,,三重県,紀北町,,,1.0,実施中,2024
24,,三重県,御浜町,,,20.0,実施中,2024
24,,三重県,紀宝町,,,9.0,実施中,2024
25,,滋賀県,大津市,,,5.0,実施中,2024
25,,滋賀県,彦根市,,,13.0,実施中,2024
25,,滋賀県,長浜市,,,11.0,実施中,2024
25,,滋賀県,近江八幡市,,,31.0,実施中,2024
25,,滋賀県,草津市,,,14.0,実施中,2024
25,,滋賀県,守山市,,,32.0,実施中,2024
25,,滋賀県,栗東市,,,4.0,実施中,2024
25,,滋賀県,甲賀市,,,5.0,実施中,2024
25,,滋賀県,野洲市,,,27.0,実施中,2024
25,,滋賀県,湖南市,,,19.0,実施中,2024
25,,滋賀県,高島市,,,11.0,実施中,2024
25,,滋賀県,東近江市,,,21.0,実施中,2024
25,,滋賀県,米原市,,,12.0,実施中,2024
25,,滋賀県,日野町,,,16.0,実施中,2024
25,,滋賀県,竜王町,,,47.0,実施中,2024
25,,滋賀県,愛荘町,,,44.0,実施中,2024
25,,滋賀県,豊郷町,,,69.0,実施中,2024
25,,滋賀県,甲良町,,,69.0,実施中,2024
25,,滋賀県,多賀町,,,5.0,実施中,2024
26,,京都府,京都市,,,1.0,実施中,2024
26,,京都府,福知山市,,,17.0,実施中,2024
26,,京都府,舞鶴市,,,1.0,実施中,2024
26,,京都府,綾部市,,,4.0,実施中,2024
26,,京都府,宇治市,,,1.0,実施中,2024
26,,京都府,宮津市,,,10.0,実施中,2024
26,,京都府,亀岡市,,,5.0,実施中,2024
26,,京都府,城陽市,,,14.0,実施中,2024
26,,京都府,向日市,,,9.0,実施中,2024
26,,京都府,長岡京市,,,5.0,実施中,2024
26,,京都府,八幡市,,,21.0,実施中,2024
26,,京都府,京田辺市,,,100.0,完了,2024
26,,京都府,京丹後市,,,6.0,実施中,2024
26,,京都府,南丹市,,,4.0,実施中,2024
26,,京都府,木津川市,,,51.0,実施中,2024
26,,京都府,大山崎町,,,25.0,実施中,2024
26,,京都府,久御山町,,,29.0,実施中,2024
26,,京都府,井手町,,,5.0,実施中,2024
26,,京都府,宇治田原町,,,6.0,実施中,2024
26,,京都府,笠置町,,,0.0,未着手,2024
26,,京都府,和束町,,,42.0,実施中,2024
26,,京都府,精華町,,,21.0,実施中,2024
26,,京都府,南山城村,,,1.0,実施中,2024
26,,京都府,京丹波町,,,4.0,実施中,2024
26,,京都府,伊根町,,,0.0,未着手,2024
26,,京都府,与謝野町,,,19.0,実施中,2024
27,,大阪府,大阪市,,,12.0,実施中,2024
27,,大阪府,堺市,,,7.0,実施中,2024
27,,大阪府,岸和田市,,,6.0,実施中,2024
27,,大阪府,豊中市,,,37.0,実施中,2024
27,,大阪府,池田市,,,13.0,実施中,2024
27,,大阪府,吹田市,,,9.0,実施中,2024
27,,大阪府,泉大津市,,,4.0,実施中,2024
27,,大阪府,高槻市,,,16.0,実施中,2024
27,,大阪府,貝塚市,,,5.0,実施中,2024
27,,大阪府,守口市,,,0.0,未着手,2024
27,,大阪府,枚方市,,,2.0,実施中,2024
27,,大阪府,茨木市,,,62.0,実施中,2024
27,,大阪府,八尾市,,,3.0,実施中,2024
27,,大阪府,泉佐野市,,,6.0,実施中,2024
27,,大阪府,富田林市,,,24.0,実施中,2024
27,,大阪府,寝屋川市,,,11.0,実施中,2024
27,,大阪府,河内長野市,,,6.0,実施中,2024
27,,大阪府,松原市,,,1.0,実施中,2024
27,,大阪府,大東市,,,2.0,実施中,2024
27,,大阪府,和泉市,,,5.0,実施中,2024
27,,大阪府,箕面市,,,7.0,実施中,2024
27,,大阪府,柏原市,,,0.0,未着手,2024
27,,大阪府,羽曳野市,,,1.0,実施中,2024
27,,大阪府,門真市,,,12.0,実施中,2024
27,,大阪府,摂津市,,,7.0,実施中,2024
27,,大阪府,高石市,,,12.0,実施中,2024
27,,大阪府,藤井寺市,,,14.0,実施中,2024
27,,大阪府,東大阪市,,,1.0,実施中,2024
27,,大阪府,泉南市,,,8.0,実施中,2024
27,,大阪府,四條畷市,,,40.0,実施中,2024
27,,大阪府,交野市,,,0.0,未着手,2024
27,,大阪府,大阪狭山市,,,0.0,未着手,2024
27,,大阪府,阪南市,,,10.0,実施中,2024
27,,大阪府,島本町,,,1.0,実施中,2024
27,,大阪府,豊能町,,,4.0,実施中,2024
27,,大阪府,能勢町,,,6.0,実施中,2024
27,,大阪府,忠岡町,,,0.0,未着手,2024
27,,大阪府,熊取町,,,1.0,実施中,2024
27,,大阪府,田尻町,,,33.0,実施中,2024
27,,大阪府,岬町,,,1.0,実施中,2024
27,,大阪府,太子町,,,0.0,未着手,2024
27,,大阪府,河南町,,,6.0,実施中,2024
27,,大阪府,千早赤阪村,,,0.0,未着手,2024
28,,兵庫県,神戸市,,,14.0,実施中,2024
28,,兵庫県,姫路市,,,23.0,実施中,2024
28,,兵庫県,尼崎市,,,14.0,実施中,2024
28,,兵庫県,明石市,,,63.0,実施中,2024
28,,兵庫県,西宮市,,,6.0,実施中,2024
28,,兵庫県,洲本市,,,9.0,実施中,2024
28,,兵庫県,芦屋市,,,8.0,実施中,2024
28,,兵庫県,伊丹市,,,7.0,実施中,2024
28,,兵庫県,相生市,,,8.0,実施中,2024
28,,兵庫県,豊岡市,,,14.0,実施中,2024
28,,兵庫県,加古川市,,,50.0,実施中,2024
28,,兵庫県,赤穂市,,,10.0,実施中,2024
28,,兵庫県,西脇市,,,23.0,実施中,2024
28,,兵庫県,宝塚市,,,16.0,実施中,2024
28,,兵庫県,三木市,,,35.0,実施中,2024
28,,兵庫県,高砂市,,,68.0,実施中,2024
28,,兵庫県,川西市,,,6.0,実施中,2024
28,,兵庫県,小野市,,,63.0,実施中,2024
28,,兵庫県,三田市,,,12.0,実施中,2024
28,,兵庫県,加西市,,,35.0,実施中,2024
28,,兵庫県,丹波篠山市,,,6.0,実施中,2024
28,,兵庫県,養父市,,,35.0,実施中,2024
28,,兵庫県,丹波市,,,40.0,実施中,2024
28,,兵庫県,南あわじ市,,,44.0,実施中,2024
28,,兵庫県,朝来市,,,81.0,実施中,2024
28,,兵庫県,淡路市,,,17.0,実施中,2024
28,,兵庫県,宍粟市,,,74.0,実施中,2024
28,,兵庫県,加東市,,,35.0,実施中,2024
28,,兵庫県,たつの市,,,19.0,実施中,2024
28,,兵庫県,猪名川町,,,13.0,実施中,2024
28,,兵庫県,多可町,,,60.0,実施中,2024
28,,兵庫県,稲美町,,,96.0,実施中,2024
28,,兵庫県,播磨町,,,36.0,実施中,2024
28,,兵庫県,市川町,,,41.0,実施中,2024
28,,兵庫県,福崎町,,,73.0,実施中,2024
28,,兵庫県,神河町,,,76.0,実施中,2024
28,,兵庫県,太子町,,,9.0,実施中,2024
28,,兵庫県,上郡町,,,14.0,実施中,2024
28,,兵庫県,佐用町,,,33.0,実施中,2024
28,,兵庫県,香美町,,,19.0,実施中,2024
28,,兵庫県,新温泉町,,,12.0,実施中,2024
29,,奈良県,奈良市,,,24.0,実施中,2024
29,,奈良県,大和高田市,,,73.0,実施中,2024
29,,奈良県,大和郡山市,,,2.0,実施中,2024
29,,奈良県,天理市,,,10.0,実施中,2024
29,,奈良県,橿原市,,,2.0,実施中,2024
29,,奈良県,桜井市,,,1.0,実施中,2024
29,,奈良県,五條市,,,11.0,実施中,2024
29,,奈良県,御所市,,,3.0,実施中,2024
29,,奈良県,生駒市,,,7.0,実施中,2024
29,,奈良県,香芝市,,,43.0,実施中,2024
29,,奈良県,葛城市,,,77.0,実施中,2024
29,,奈良県,宇陀市,,,27.0,実施中,2024
29,,奈良県,山添村,,,100.0,完了,2024
29,,奈良県,平群町,,,82.0,実施中,2024
29,,奈良県,三郷町,,,19.0,実施中,2024
29,,奈良県,斑鳩町,,,1.0,実施中,2024
29,,奈良県,安堵町,,,13.0,実施中,2024
29,,奈良県,川西町,,,3.0,実施中,2024
29,,奈良県,三宅町,,,6.0,実施中,2024
29,,奈良県,田原本町,,,8.0,実施中,2024
29,,奈良県,曽爾村,,,14.0,実施中,2024
29,,奈良県,御杖村,,,4.0,実施中,2024
29,,奈良県,高取町,,,3.0,実施中,2024
29,,奈良県,明日香村,,,34.0,実施中,2024
29,,奈良県,上牧町,,,19.0,実施中,2024
29,,奈良県,王寺町,,,54.0,実施中,2024
29,,奈良県,広陵町,,,100.0,完了,2024
29,,奈良県,河合町,,,47.0,実施中,2024
29,,奈良県,吉野町,,,41.0,実施中,2024
29,,奈良県,大淀町,,,96.0,実施中,2024
29,,奈良県,下市町,,,36.0,実施中,2024
29,,奈良県,黒滝村,,,9.0,実施中,2024
29,,奈良県,天川村,,,5.0,実施中,2024
29,,奈良県,野迫川村,,,3.0,実施中,2024
29,,奈良県,十津川村,,,0.0,未着手,2024
29,,奈良県,下北山村,,,3.0,実施中,2024
29,,奈良県,上北山村,,,0.0,未着手,2024
29,,奈良県,川上村,,,0.0,未着手,2024
29,,奈良県,東吉野村,,,2.0,実施中,2024
30,,和歌山県,和歌山市,,,24.0,実施中,2024
30,,和歌山県,海南市,,,99.0,実施中,2024
30,,和歌山県,橋本市,,,46.0,実施中,2024
30,,和歌山県,有田市,,,100.0,完了,2024
30,,和歌山県,御坊市,,,76.0,実施中,2024
30,,和歌山県,田辺市,,,41.0,実施中,2024
30,,和歌山県,新宮市,,,8.0,実施中,2024
30,,和歌山県,紀の川市,,,100.0,完了,2024
30,,和歌山県,岩出市,,,100.0,完了,2024
30,,和歌山県,紀美野町,,,92.0,実施中,2024
30,,和歌山県,かつらぎ町,,,100.0,完了,2024
30,,和歌山県,九度山町,,,100.0,完了,2024
30,,和歌山県,高野町,,,42.0,実施中,2024
30,,和歌山県,湯浅町,,,100.0,完了,2024
30,,和歌山県,広川町,,,100.0,完了,2024
30,,和歌山県,有田川町,,,99.0,実施中,2024
30,,和歌山県,美浜町,,,100.0,完了,2024
30,,和歌山県,日高町,,,100.0,完了,2024
30,,和歌山県,由良町,,,100.0,完了,2024
30,,和歌山県,印南町,,,95.0,実施中,2024
30,,和歌山県,みなべ町,,,55.0,実施中,2024
30,,和歌山県,日高川町,,,100.0,完了,2024
30,,和歌山県,白浜町,,,48.0,実施中,2024
30,,和歌山県,上富田町,,,97.0,実施中,2024
30,,和歌山県,すさみ町,,,17.0,実施中,2024
30,,和歌山県,那智勝浦町,,,6.0,実施中,2024
30,,和歌山県,太地町,,,100.0,完了,2024
30,,和歌山県,古座川町,,,4.0,実施中,2024
30,,和歌山県,北山村,,,13.0,実施中,2024
30,,和歌山県,串本町,,,30.0,実施中,2024
31,,鳥取県,鳥取市,,,25.0,実施中,2024
31,,鳥取県,米子市,,,39.0,実施中,2024
31,,鳥取県,倉吉市,,,20.0,実施中,2024
31,,鳥取県,境港市,,,16.0,実施中,2024
31,,鳥取県,岩美町,,,26.0,実施中,2024
31,,鳥取県,若桜町,,,4.0,実施中,2024
31,,鳥取県,智頭町,,,57.0,実施中,2024
31,,鳥取県,八頭町,,,86.0,実施中,2024
31,,鳥取県,三朝町,,,36.0,実施中,2024
31,,鳥取県,湯梨浜町,,,97.0,実施中,2024
31,,鳥取県,琴浦町,,,45.0,実施中,2024
31,,鳥取県,北栄町,,,100.0,完了,2024
31,,鳥取県,日吉津村,,,100.0,完了,2024
31,,鳥取県,大山町,,,74.0,実施中,2024
31,,鳥取県,南部町,,,36.0,実施中,2024
31,,鳥取県,伯耆町,,,27.0,実施中,2024
31,,鳥取県,日南町,,,43.0,実施中,2024
31,,鳥取県,日野町,,,24.0,実施中,2024
31,,鳥取県,江府町,,,18.0,実施中,2024
32,,島根県,松江市,,,67.0,実施中,2024
32,,島根県,浜田市,,,56.0,実施中,2024
32,,島根県,出雲市,,,54.0,実施中,2024
32,,島根県,益田市,,,15.0,実施中,2024
32,,島根県,大田市,,,37.0,実施中,2024
32,,島根県,安来市,,,26.0,実施中,2024
32,,島根県,江津市,,,53.0,実施中,2024
32,,島根県,雲南市,,,99.0,実施中,2024
32,,島根県,奥出雲町,,,49.0,実施中,2024
32,,島根県,飯南町,,,99.0,実施中,2024
32,,島根県,川本町,,,100.0,完了,2024
32,,島根県,美郷町,,,100.0,完了,2024
32,,島根県,邑南町,,,80.0,実施中,2024
32,,島根県,津和野町,,,33.0,実施中,2024
32,,島根県,吉賀町,,,10.0,実施中,2024
32,,島根県,海士町,,,78.0,実施中,2024
32,,島根県,西ノ島町,,,62.0,実施中,2024
32,,島根県,知夫村,,,98.0,実施中,2024
32,,島根県,隠岐の島町,,,59.0,実施中,2024
33,,岡山県,岡山市,,,53.0,実施中,2024
33,,岡山県,倉敷市,,,64.0,実施中,2024
33,,岡山県,津山市,,,100.0,完了,2024
33,,岡山県,玉野市,,,39.0,実施中,2024
33,,岡山県,笠岡市,,,100.0,完了,2024
33,,岡山県,井原市,,,100.0,完了,2024
33,,岡山県,総社市,,,100.0,完了,2024
33,,岡山県,高梁市,,,96.0,実施中,2024
33,,岡山県,新見市,,,35.0,実施中,2024
33,,岡山県,備前市,,,100.0,完了,2024
33,,岡山県,瀬戸内市,,,100.0,完了,2024
33,,岡山県,赤磐市,,,100.0,完了,2024
33,,岡山県,真庭市,,,94.0,実施中,2024
33,,岡山県,美作市,,,100.0,完了,2024
33,,岡山県,浅口市,,,100.0,完了,2024
33,,岡山県,和気町,,,100.0,完了,2024
33,,岡山県,早島町,,,100.0,完了,2024
33,,岡山県,里庄町,,,100.0,完了,2024
33,,岡山県,矢掛町,,,100.0,完了,2024
33,,岡山県,新庄村,,,100.0,完了,2024
33,,岡山県,鏡野町,,,100.0,完了,2024
33,,岡山県,勝央町,,,100.0,完了,2024
33,,岡山県,奈義町,,,100.0,完了,2024
33,,岡山県,西粟倉村,,,100.0,完了,2024
33,,岡山県,久米南町,,,100.0,完了,2024
33,,岡山県,美咲町,,,100.0,完了,2024
33,,岡山県,吉備中央町,,,100.0,完了,2024
34,,広島県,広島市,,,14.0,実施中,2024
34,,広島県,呉市,,,34.0,実施中,2024
34,,広島県,竹原市,,,10.0,実施中,2024
34,,広島県,三原市,,,59.0,実施中,2024
34,,広島県,尾道市,,,17.0,実施中,2024
34,,広島県,福山市,,,54.0,実施中,2024
34,,広島県,府中市,,,46.0,実施中,2024
34,,広島県,三次市,,,71.0,実施中,2024
34,,広島県,庄原市,,,19.0,実施中,2024
34,,広島県,大竹市,,,65.0,実施中,2024
34,,広島県,東広島市,,,96.0,実施中,2024
34,,広島県,廿日市市,,,44.0,実施中,2024
34,,広島県,安芸高田市,,,69.0,実施中,2024
34,,広島県,江田島市,,,73.0,実施中,2024
34,,広島県,府中町,,,0.0,未着手,2024
34,,広島県,海田町,,,3.0,実施中,2024
34,,広島県,熊野町,,,98.0,実施中,2024
34,,広島県,坂町,,,5.0,実施中,2024
34,,広島県,安芸太田町,,,100.0,完了,2024
34,,広島県,北広島町,,,77.0,実施中,2024
34,,広島県,大崎上島町,,,40.0,実施中,2024
34,,広島県,世羅町,,,98.0,実施中,2024
34,,広島県,神石高原町,,,92.0,実施中,2024
35,,山口県,下関市,,,73.0,実施中,2024
35,,山口県,宇部市,,,31.0,実施中,2024
35,,山口県,山口市,,,27.0,実施中,2024
35,,山口県,萩市,,,96.0,実施中,2024
35,,山口県,防府市,,,79.0,実施中,2024
35,,山口県,下松市,,,21.0,実施中,2024
35,,山口県,岩国市,,,95.0,実施中,2024
35,,山口県,光市,,,100.0,完了,2024
35,,山口県,長門市,,,69.0,実施中,2024
35,,山口県,柳井市,,,88.0,実施中,2024
35,,山口県,美祢市,,,50.0,実施中,2024
35,,山口県,周南市,,,18.0,実施中,2024
35,,山口県,山陽小野田市,,,100.0,完了,2024
35,,山口県,周防大島町,,,100.0,完了,2024
35,,山口県,和木町,,,100.0,完了,2024
35,,山口県,上関町,,,100.0,完了,2024
35,,山口県,田布施町,,,100.0,完了,2024
35,,山口県,平生町,,,100.0,完了,2024
35,,山口県,阿武町,,,100.0,完了,2024
36,,徳島県,徳島市,,,22.0,実施中,2024
36,,徳島県,鳴門市,,,35.0,実施中,2024
36,,徳島県,小松島市,,,69.0,実施中,2024
36,,徳島県,阿南市,,,19.0,実施中,2024
36,,徳島県,吉野川市,,,100.0,完了,2024
36,,徳島県,阿波市,,,85.0,実施中,2024
36,,徳島県,美馬市,,,52.0,実施中,2024
36,,徳島県,三好市,,,60.0,実施中,2024
36,,徳島県,勝浦町,,,44.0,実施中,2024
36,,徳島県,上勝町,,,89.0,実施中,2024
36,,徳島県,佐那河内村,,,21.0,実施中,2024
36,,徳島県,石井町,,,74.0,実施中,2024
36,,徳島県,神山町,,,16.0,実施中,2024
36,,徳島県,那賀町,,,38.0,実施中,2024
36,,徳島県,牟岐町,,,21.0,実施中,2024
36,,徳島県,美波町,,,13.0,実施中,2024
36,,徳島県,海陽町,,,8.0,実施中,2024
36,,徳島県,松茂町,,,100.0,完了,2024
36,,徳島県,北島町,,,100.0,完了,2024
36,,徳島県,藍住町,,,24.0,実施中,2024
36,,徳島県,板野町,,,38.0,実施中,2024
36,,徳島県,上板町,,,37.0,実施中,2024
36,,徳島県,つるぎ町,,,77.0,実施中,2024
36,,徳島県,東みよし町,,,58.0,実施中,2024
37,,香川県,高松市,,,95.0,実施中,2024
37,,香川県,丸亀市,,,60.0,実施中,2024
37,,香川県,坂出市,,,27.0,実施中,2024
37,,香川県,善通寺市,,,97.0,実施中,2024
37,,香川県,観音寺市,,,64.0,実施中,2024
37,,香川県,さぬき市,,,100.0,完了,2024
37,,香川県,東かがわ市,,,100.0,完了,2024
37,,香川県,三豊市,,,99.0,実施中,2024
37,,香川県,土庄町,,,99.0,実施中,2024
37,,香川県,小豆島町,,,99.0,実施中,2024
37,,香川県,三木町,,,34.0,実施中,2024
37,,香川県,直島町,,,99.0,実施中,2024
37,,香川県,宇多津町,,,61.0,実施中,2024
37,,香川県,綾川町,,,99.0,実施中,2024
37,,香川県,琴平町,,,45.0,実施中,2024
37,,香川県,多度津町,,,48.0,実施中,2024
37,,香川県,まんのう町,,,97.0,実施中,2024
38,,愛媛県,松山市,,,46.0,実施中,2024
38,,愛媛県,今治市,,,85.0,実施中,2024
38,,愛媛県,宇和島市,,,76.0,実施中,2024
38,,愛媛県,八幡浜市,,,100.0,完了,2024
38,,愛媛県,新居浜市,,,24.0,実施中,2024
38,,愛媛県,西条市,,,73.0,実施中,2024
38,,愛媛県,大洲市,,,83.0,実施中,2024
38,,愛媛県,伊予市,,,100.0,完了,2024
38,,愛媛県,四国中央市,,,62.0,実施中,2024
38,,愛媛県,西予市,,,100.0,完了,2024
38,,愛媛県,東温市,,,100.0,完了,2024
38,,愛媛県,上島町,,,89.0,実施中,2024
38,,愛媛県,久万高原町,,,100.0,完了,2024
38,,愛媛県,松前町,,,91.0,実施中,2024
38,,愛媛県,砥部町,,,100.0,完了,2024
38,,愛媛県,内子町,,,100.0,完了,2024
38,,愛媛県,伊方町,,,100.0,完了,2024
38,,愛媛県,松野町,,,100.0,完了,2024
38,,愛媛県,鬼北町,,,100.0,完了,2024
38,,愛媛県,愛南町,,,100.0,完了,2024
39,,高知県,高知市,,,48.0,実施中,2024
39,,高知県,室戸市,,,30.0,実施中,2024
39,,高知県,安芸市,,,14.0,実施中,2024
39,,高知県,南国市,,,38.0,実施中,2024
39,,高知県,土佐市,,,20.0,実施中,2024
39,,高知県,須崎市,,,22.0,実施中,2024
39,,高知県,宿毛市,,,15.0,実施中,2024
39,,高知県,土佐清水市,,,20.0,実施中,2024
39,,高知県,四万十市,,,41.0,実施中,2024
39,,高知県,香南市,,,25.0,実施中,2024
39,,高知県,香美市,,,35.0,実施中,2024
39,,高知県,東洋町,,,23.0,実施中,2024
39,,高知県,奈半利町,,,100.0,完了,2024
39,,高知県,田野町,,,100.0,完了,2024
39,,高知県,安田町,,,73.0,実施中,2024
39,,高知県,北川村,,,100.0,完了,2024
39,,高知県,馬路村,,,100.0,完了,2024
39,,高知県,芸西村,,,60.0,実施中,2024
39,,高知県,本山町,,,79.0,実施中,2024
39,,高知県,大豊町,,,88.0,実施中,2024
39,,高知県,土佐町,,,97.0,実施中,2024
39,,高知県,大川村,,,100.0,完了,2024
39,,高知県,いの町,,,84.0,実施中,2024
39,,高知県,仁淀川町,,,100.0,完了,2024
39,,高知県,中土佐町,,,82.0,実施中,2024
39,,高知県,佐川町,,,100.0,完了,2024
39,,高知県,越知町,,,53.0,実施中,2024
39,,高知県,梼原町,,,100.0,完了,2024
39,,高知県,日高村,,,100.0,完了,2024
39,,高知県,津野町,,,100.0,完了,2024
39,,高知県,四万十町,,,87.0,実施中,2024
39,,高知県,大月町,,,65.0,実施中,2024
39,,高知県,三原村,,,100.0,完了,2024
39,,高知県,黒潮町,,,31.0,実施中,2024
40,,福岡県,北九州市,,,13.0,実施中,2024
40,,福岡県,福岡市,,,22.0,実施中,2024
40,,福岡県,大牟田市,,,24.0,実施中,2024
40,,福岡県,久留米市,,,88.0,実施中,2024
40,,福岡県,直方市,,,13.0,実施中,2024
40,,福岡県,飯塚市,,,98.0,実施中,2024
40,,福岡県,田川市,,,79.0,実施中,2024
40,,福岡県,柳川市,,,93.0,実施中,2024
40,,福岡県,八女市,,,100.0,完了,2024
40,,福岡県,筑後市,,,100.0,完了,2024
40,,福岡県,大川市,,,78.0,実施中,2024
40,,福岡県,行橋市,,,97.0,実施中,2024
40,,福岡県,豊前市,,,100.0,完了,2024
40,,福岡県,中間市,,,100.0,完了,2024
40,,福岡県,小郡市,,,77.0,実施中,2024
40,,福岡県,筑紫野市,,,99.0,実施中,2024
40,,福岡県,春日市,,,77.0,実施中,2024
40,,福岡県,大野城市,,,100.0,完了,2024
40,,福岡県,宗像市,,,99.0,実施中,2024
40,,福岡県,太宰府市,,,100.0,完了,2024
40,,福岡県,古賀市,,,43.0,実施中,2024
40,,福岡県,福津市,,,100.0,完了,2024
40,,福岡県,うきは市,,,100.0,完了,2024
40,,福岡県,宮若市,,,31.0,実施中,2024
40,,福岡県,嘉麻市,,,100.0,完了,2024
40,,福岡県,朝倉市,,,100.0,完了,2024
40,,福岡県,みやま市,,,97.0,実施中,2024
40,,福岡県,糸島市,,,100.0,完了,2024
40,,福岡県,那珂川市,,,100.0,完了,2024
40,,福岡県,宇美町,,,100.0,完了,2024
40,,福岡県,篠栗町,,,100.0,完了,2024
40,,福岡県,志免町,,,100.0,完了,2024
40,,福岡県,須恵町,,,100.0,完了,2024
40,,福岡県,新宮町,,,14.0,実施中,2024
40,,福岡県,久山町,,,100.0,完了,2024
40,,福岡県,粕屋町,,,100.0,完了,2024
40,,福岡県,芦屋町,,,100.0,完了,2024
40,,福岡県,水巻町,,,100.0,完了,2024
40,,福岡県,岡垣町,,,100.0,完了,2024
40,,福岡県,遠賀町,,,100.0,完了,2024
40,,福岡県,小竹町,,,24.0,実施中,2024
40,,福岡県,鞍手町,,,100.0,完了,2024
40,,福岡県,桂川町,,,100.0,完了,2024
40,,福岡県,筑前町,,,100.0,完了,2024
40,,福岡県,東峰村,,,100.0,完了,2024
40,,福岡県,大刀洗町,,,100.0,完了,2024
40,,福岡県,大木町,,,100.0,完了,2024
40,,福岡県,広川町,,,100.0,完了,2024
40,,福岡県,香春町,,,81.0,実施中,2024
40,,福岡県,添田町,,,9.0,実施中,2024
40,,福岡県,糸田町,,,100.0,完了,2024
40,,福岡県,川崎町,,,100.0,完了,2024
40,,福岡県,大任町,,,54.0,実施中,2024
40,,福岡県,赤村,,,88.0,実施中,2024
40,,福岡県,福智町,,,91.0,実施中,2024
40,,福岡県,苅田町,,,72.0,実施中,2024
40,,福岡県,みやこ町,,,100.0,完了,2024
40,,福岡県,吉富町,,,100.0,完了,2024
40,,福岡県,上毛町,,,100.0,完了,2024
40,,福岡県,築上町,,,99.0,実施中,2024
41,,佐賀県,佐賀市,,,97.0,実施中,2024
41,,佐賀県,唐津市,,,100.0,完了,2024
41,,佐賀県,鳥栖市,,,100.0,完了,2024
41,,佐賀県,多久市,,,100.0,完了,2024
41,,佐賀県,伊万里市,,,100.0,完了,2024
41,,佐賀県,武雄市,,,100.0,完了,2024
41,,佐賀県,鹿島市,,,100.0,完了,2024
41,,佐賀県,小城市,,,100.0,完了,2024
41,,佐賀県,嬉野市,,,100.0,完了,2024
41,,佐賀県,神埼市,,,100.0,完了,2024
41,,佐賀県,吉野ヶ里町,,,100.0,完了,2024
41,,佐賀県,基山町,,,97.0,実施中,2024
41,,佐賀県,上峰町,,,100.0,完了,2024
41,,佐賀県,みやき町,,,88.0,実施中,2024
41,,佐賀県,玄海町,,,100.0,完了,2024
41,,佐賀県,有田町,,,100.0,完了,2024
41,,佐賀県,大町町,,,100.0,完了,2024
41,,佐賀県,江北町,,,100.0,完了,2024
41,,佐賀県,白石町,,,100.0,完了,2024
41,,佐賀県,太良町,,,100.0,完了,2024
42,,長崎県,長崎市,,,43.0,実施中,2024
42,,長崎県,佐世保市,,,38.0,実施中,2024
42,,長崎県,島原市,,,53.0,実施中,2024
42,,長崎県,諫早市,,,93.0,実施中,2024
42,,長崎県,大村市,,,63.0,実施中,2024
42,,長崎県,平戸市,,,47.0,実施中,2024
42,,長崎県,松浦市,,,65.0,実施中,2024
42,,長崎県,対馬市,,,62.0,実施中,2024
42,,長崎県,壱岐市,,,100.0,完了,2024
42,,長崎県,五島市,,,57.0,実施中,2024
42,,長崎県,西海市,,,99.0,実施中,2024
42,,長崎県,雲仙市,,,96.0,実施中,2024
42,,長崎県,南島原市,,,97.0,実施中,2024
42,,長崎県,長与町,,,95.0,実施中,2024
42,,長崎県,時津町,,,95.0,実施中,2024
42,,長崎県,東彼杵町,,,94.0,実施中,2024
42,,長崎県,川棚町,,,100.0,完了,2024
42,,長崎県,波佐見町,,,100.0,完了,2024
42,,長崎県,小値賀町,,,100.0,完了,2024
42,,長崎県,佐々町,,,100.0,完了,2024
42,,長崎県,新上五島町,,,100.0,完了,2024
43,,熊本県,熊本市,,,46.0,実施中,2024
43,,熊本県,八代市,,,67.0,実施中,2024
43,,熊本県,人吉市,,,100.0,完了,2024
43,,熊本県,荒尾市,,,99.0,実施中,2024
43,,熊本県,水俣市,,,100.0,完了,2024
43,,熊本県,玉名市,,,100.0,完了,2024
43,,熊本県,山鹿市,,,100.0,完了,2024
43,,熊本県,菊池市,,,71.0,実施中,2024
43,,熊本県,宇土市,,,100.0,完了,2024
43,,熊本県,上天草市,,,100.0,完了,2024
43,,熊本県,宇城市,,,100.0,完了,2024
43,,熊本県,阿蘇市,,,73.0,実施中,2024
43,,熊本県,天草市,,,100.0,完了,2024
43,,熊本県,合志市,,,92.0,実施中,2024
43,,熊本県,美里町,,,100.0,完了,2024
43,,熊本県,玉東町,,,100.0,完了,2024
43,,熊本県,南関町,,,100.0,完了,2024
43,,熊本県,長洲町,,,83.0,実施中,2024
43,,熊本県,和水町,,,100.0,完了,2024
43,,熊本県,大津町,,,100.0,完了,2024
43,,熊本県,菊陽町,,,100.0,完了,2024
43,,熊本県,南小国町,,,86.0,実施中,2024
43,,熊本県,小国町,,,90.0,実施中,2024
43,,熊本県,産山村,,,100.0,完了,2024
43,,熊本県,高森町,,,98.0,実施中,2024
43,,熊本県,西原村,,,95.0,実施中,2024
43,,熊本県,南阿蘇村,,,100.0,完了,2024
43,,熊本県,御船町,,,15.0,実施中,2024
43,,熊本県,嘉島町,,,63.0,実施中,2024
43,,熊本県,益城町,,,33.0,実施中,2024
43,,熊本県,甲佐町,,,100.0,完了,2024
43,,熊本県,山都町,,,66.0,実施中,2024
43,,熊本県,氷川町,,,99.0,実施中,2024
43,,熊本県,芦北町,,,100.0,完了,2024
43,,熊本県,津奈木町,,,100.0,完了,2024
43,,熊本県,錦町,,,100.0,完了,2024
43,,熊本県,多良木町,,,86.0,実施中,2024
43,,熊本県,湯前町,,,100.0,完了,2024
43,,熊本県,水上村,,,99.0,実施中,2024
43,,熊本県,相良村,,,100.0,完了,2024
43,,熊本県,五木村,,,100.0,完了,2024
43,,熊本県,山江村,,,100.0,完了,2024
43,,熊本県,球磨村,,,100.0,完了,2024
43,,熊本県,あさぎり町,,,100.0,完了,2024
43,,熊本県,苓北町,,,100.0,完了,2024
44,,大分県,大分市,,,25.0,実施中,2024
44,,大分県,別府市,,,14.0,実施中,2024
44,,大分県,中津市,,,69.0,実施中,2024
44,,大分県,日田市,,,100.0,完了,2024
44,,大分県,佐伯市,,,92.0,実施中,2024
44,,大分県,臼杵市,,,15.0,実施中,2024
44,,大分県,津久見市,,,13.0,実施中,2024
44,,大分県,竹田市,,,62.0,実施中,2024
44,,大分県,豊後高田市,,,97.0,実施中,2024
44,,大分県,杵築市,,,72.0,実施中,2024
44,,大分県,宇佐市,,,16.0,実施中,2024
44,,大分県,豊後大野市,,,52.0,実施中,2024
44,,大分県,由布市,,,100.0,完了,2024
44,,大分県,国東市,,,100.0,完了,2024
44,,大分県,姫島村,,,100.0,完了,2024
44,,大分県,日出町,,,74.0,実施中,2024
44,,大分県,九重町,,,72.0,実施中,2024
44,,大分県,玖珠町,,,38.0,実施中,2024
45,,宮崎県,宮崎市,,,68.0,実施中,2024
45,,宮崎県,都城市,,,83.0,実施中,2024
45,,宮崎県,延岡市,,,54.0,実施中,2024
45,,宮崎県,日南市,,,67.0,実施中,2024
45,,宮崎県,小林市,,,79.0,実施中,2024
45,,宮崎県,日向市,,,43.0,実施中,2024
45,,宮崎県,串間市,,,45.0,実施中,2024
45,,宮崎県,西都市,,,24.0,実施中,2024
45,,宮崎県,えびの市,,,65.0,実施中,2024
45,,宮崎県,三股町,,,100.0,完了,2024
45,,宮崎県,高原町,,,100.0,完了,2024
45,,宮崎県,国富町,,,75.0,実施中,2024
45,,宮崎県,綾町,,,74.0,実施中,2024
45,,宮崎県,高鍋町,,,90.0,実施中,2024
45,,宮崎県,新富町,,,95.0,実施中,2024
45,,宮崎県,西米良村,,,100.0,完了,2024
45,,宮崎県,木城町,,,100.0,完了,2024
45,,宮崎県,川南町,,,100.0,完了,2024
45,,宮崎県,都農町,,,100.0,完了,2024
45,,宮崎県,門川町,,,100.0,完了,2024
45,,宮崎県,諸塚村,,,100.0,完了,2024
45,,宮崎県,椎葉村,,,73.0,実施中,2024
45,,宮崎県,美郷町,,,100.0,完了,2024
45,,宮崎県,高千穂町,,,95.0,実施中,2024
45,,宮崎県,日之影町,,,100.0,完了,2024
45,,宮崎県,五ヶ瀬町,,,86.0,実施中,2024
46,,鹿児島県,鹿児島市,,,45.0,実施中,2024
46,,鹿児島県,鹿屋市,,,78.0,実施中,2024
46,,鹿児島県,枕崎市,,,100.0,完了,2024
46,,鹿児島県,阿久根市,,,99.0,実施中,2024
46,,鹿児島県,出水市,,,100.0,完了,2024
46,,鹿児島県,指宿市,,,98.0,実施中,2024
46,,鹿児島県,西之表市,,,67.0,実施中,2024
46,,鹿児島県,垂水市,,,25.0,実施中,2024
46,,鹿児島県,薩摩川内市,,,100.0,完了,2024
46,,鹿児島県,日置市,,,100.0,完了,2024
46,,鹿児島県,曽於市,,,100.0,完了,2024
46,,鹿児島県,霧島市,,,100.0,完了,2024
46,,鹿児島県,いちき串木野市,,,100.0,完了,2024
46,,鹿児島県,南さつま市,,,100.0,完了,2024
46,,鹿児島県,志布志市,,,97.0,実施中,2024
46,,鹿児島県,奄美市,,,39.0,実施中,2024
46,,鹿児島県,南九州市,,,100.0,完了,2024
46,,鹿児島県,伊佐市,,,100.0,完了,2024
46,,鹿児島県,姶良市,,,100.0,完了,2024
46,,鹿児島県,三島村,,,8.0,実施中,2024
46,,鹿児島県,十島村,,,17.0,実施中,2024
46,,鹿児島県,さつま町,,,100.0,完了,2024
46,,鹿児島県,長島町,,,99.0,実施中,2024
46,,鹿児島県,湧水町,,,97.0,実施中,2024
46,,鹿児島県,大崎町,,,100.0,完了,2024
46,,鹿児島県,東串良町,,,94.0,実施中,2024
46,,鹿児島県,錦江町,,,99.0,実施中,2024
46,,鹿児島県,南大隅町,,,35.0,実施中,2024
46,,鹿児島県,肝付町,,,74.0,実施中,2024
46,,鹿児島県,中種子町,,,89.0,実施中,2024
46,,鹿児島県,南種子町,,,90.0,実施中,2024
46,,鹿児島県,屋久島町,,,100.0,完了,2024
46,,鹿児島県,大和村,,,44.0,実施中,2024
46,,鹿児島県,宇検村,,,31.0,実施中,2024
46,,鹿児島県,瀬戸内町,,,22.0,実施中,2024
46,,鹿児島県,龍郷町,,,72.0,実施中,2024
46,,鹿児島県,喜界町,,,52.0,実施中,2024
46,,鹿児島県,徳之島町,,,31.0,実施中,2024
46,,鹿児島県,天城町,,,36.0,実施中,2024
46,,鹿児島県,伊仙町,,,38.0,実施中,2024
46,,鹿児島県,和泊町,,,97.0,実施中,2024
46,,鹿児島県,知名町,,,90.0,実施中,2024
46,,鹿児島県,与論町,,,95.0,実施中,2024
47,,沖縄県,那覇市,,,83.0,実施中,2024
47,,沖縄県,宜野湾市,,,100.0,完了,2024
47,,沖縄県,石垣市,,,98.0,実施中,2024
47,,沖縄県,浦添市,,,100.0,完了,2024
47,,沖縄県,名護市,,,100.0,完了,2024
47,,沖縄県,糸満市,,,100.0,完了,2024
47,,沖縄県,沖縄市,,,100.0,完了,2024
47,,沖縄県,豊見城市,,,100.0,完了,2024
47,,沖縄県,うるま市,,,97.0,実施中,2024
47,,沖縄県,宮古島市,,,100.0,完了,2024
47,,沖縄県,南城市,,,100.0,完了,2024
47,,沖縄県,国頭村,,,100.0,完了,2024
47,,沖縄県,大宜味村,,,100.0,完了,2024
47,,沖縄県,東村,,,100.0,完了,2024
47,,沖縄県,今帰仁村,,,100.0,完了,2024
47,,沖縄県,本部町,,,100.0,完了,2024
47,,沖縄県,恩納村,,,98.0,実施中,2024
47,,沖縄県,宜野座村,,,100.0,完了,2024
47,,沖縄県,金武町,,,100.0,完了,2024
47,,沖縄県,伊江村,,,100.0,完了,2024
47,,沖縄県,読谷村,,,100.0,完了,2024
47,,沖縄県,嘉手納町,,,100.0,完了,2024
47,,沖縄県,北谷町,,,100.0,完了,2024
47,,沖縄県,北中城村,,,100.0,完了,2024
47,,沖縄県,中城村,,,100.0,完了,2024
47,,沖縄県,西原町,,,100.0,完了,2024
47,,沖縄県,与那原町,,,100.0,完了,2024
47,,沖縄県,南風原町,,,100.0,完了,2024
47,,沖縄県,渡嘉敷村,,,100.0,完了,2024
47,,沖縄県,座間味村,,,100.0,完了,2024
47,,沖縄県,粟国村,,,100.0,完了,2024
47,,沖縄県,渡名喜村,,,100.0,完了,2024
47,,沖縄県,南大東村,,,100.0,完了,2024
47,,沖縄県,北大東村,,,91.0,実施中,2024
47,,沖縄県,伊平屋村,,,100.0,完了,2024
47,,沖縄県,伊是名村,,,100.0,完了,2024
47,,沖縄県,久米島町,,,94.0,実施中,2024
47,,沖縄県,八重瀬町,,,100.0,完了,2024
47,,沖縄県,多良間村,,,100.0,完了,2024
47,,沖縄県,竹富町,,,81.0,実施中,2024
47,,沖縄県,与那国町,,,100.0,完了,2024
